dysfunctionthe,179329.62614201388
side-effects,210596.108450966
mellitus,174712.8674856677
angina,189822.80344194724
penile,170984.46899389155
pmdd,200140.0495168829
drug-drug,200119.0938542715
hyperthyroidism,176966.35576886468
diabetessurgery,189019.6479147181
perimenopausal,196383.48312534878
anticoagulants,192558.95391529438
urinary,186034.30481034267
endometriosis,205232.99805394013
drowsiness,176336.51192715933
prolapse,177036.26972202037
psoriasis,230940.07258549103
uterine,172325.19247370688
thromboembolism,191056.11432197006
osteoarthritis,230497.68527125227
anti-coagulants,197217.20741619726
rheumatoid,213216.00541408412
dysfunction,221504.6192950508
tension-type,183040.57966024594
neuropathic,187010.6047662448
fibromyalgia,254794.3193219596
nilotinib,172449.19343478448
syndromes,186551.25377541938
comorbid,186389.7611130438
cyclosporine,175139.2052633966
ulcerative,184527.86049414563
diseasepatients,172656.64585226472
memantine,184150.45478517713
erectile,186790.05971382267
antidepressant,186018.6632133907
snris,174573.26623178134
depression—,184689.10790604906
peptic,212810.20772158916
acne,282935.55956466566
anxiety—,175374.73903898353
nervous-system,206939.66035169136
insufficiency,193504.14521827613
epididymitis,207961.36427351294
epilepsy,176759.73213021405
incontinencethe,178320.92033542972
backaches,177007.1546507997
vulvar,183001.48655655526
glaucoma,224840.1083558885
saidside,190514.33086477642
psychosis,198983.14390522084
dysphoric,187930.66400587457
rapamune,183935.12298097718
clomiphene,170496.83674221658
dysfunctionand,207234.67205053064
symptomsaccording,182906.18570609234
periodontal,170681.0640879424
recurrent,251492.41403999765
tiredness,202541.20522397003
ssri,171034.92126526698
osteoporosis,245718.03128716306
anemia,209315.91679103623
incontinence,290744.21192780783
arthritis,245796.44507856845
exacerbations,179827.05544929128
depressionwhile,181307.60537055993
gout,170798.9166731958
temporomandibular,173507.59249904432
antidiabetic,219878.75246385613
prednisone,174252.7206356095
finasteride,222629.20378633324
diabetesbut,177617.29720083746
dutasteride,250923.4631219159
clopidogrel,207081.1442584946
bronchodilators,205370.5355491895
sleeplessness,185035.13355860068
nsaids,171330.0301090216
ohss,178634.52185566915
lupus,172109.80822377108
corticosteroids,202884.22818509818
menopausal,174924.0397461156
actemra,170357.3418700311
bisphosphonate,184198.03698154347
bisphosphonates,182539.18860739277
bph,251040.9042481489
paracetamol,178811.4903377919
delirium,171789.2592895074
premenstrual,213333.31497174242
myocardial,187633.4963587939
jardiance,203233.48482805802
beta-blockers,205457.71885132248
forgetfulness,188411.60953996817
antidepressants,175386.277533293
body-wide,177462.3064454705
insomnia,229961.07151345545
arrhythmias,201934.8861129153
chemotherapy-induced,175803.48398430637
spasticity,214993.87287037095
anticonvulsants,230260.5720178813
ulcers,182431.09404590665
hypertension,171094.202482949
a-fib,207622.27925588062
