oxymoron,77295.55878042696
truism,74096.73514725489
institutionalisation,72007.71553756275
ephemeral,72436.12131096642
asymmetry,95992.6794685815
embodies,84344.09162248192
nonsensical,74424.60721398878
imperfect,71995.04786947308
myth,95778.59167428766
premise,106666.85564054301
fact-free,71933.25686193118
conceivable,110626.62048350641
exemplar,78556.09595371377
formulation,73773.90861465575
assumption,110378.97440940328
interpretive,71391.33953544516
conceit,77817.10782609736
usefully,75065.35134478348
subjectivity,152509.27506725566
amorphous,95427.88732235064
narrative,72504.78366877117
insufferable,72161.37152486182
wrongheaded,71746.07231872466
imagination,76750.36824060803
postmodern,71684.70154728733
comprehension,86034.93663073366
over-arching,75010.38241429214
hermeneutics,86984.94696481302
globality,84699.79453099
conception,90278.51422312076
impression,93690.30214472805
enlightened,75441.34736492574
singular,100731.94302250765
camouflages,80613.98499378312
jeitinho,94033.4623456966
post-western,86051.57295130371
essence,82922.87209452708
irony,101266.10477788003
characteristic,71322.52407307444
inescapable,128415.89435823631
senseit,72797.6923677436
notion,150044.70719494196
façade,71393.3527687089
realisation,148321.13019524902
self-evident,122622.96957397324
contradiction,71311.91700374124
linear,77018.87598256923
innate,71193.89972932194
abstract,88387.68920374608
affirmation,73545.17735345555
diminishment,74437.95721548607
realisable,73053.11619712293
homogenising,84496.57651553172
inevitability,149876.78935174717
logic,138641.64530259283
accomplishment,81545.36896093072
imagining,72621.10400901917
epistemic,115996.6902318721
pretence,115971.0596451737
deconstruction,96879.71230480888
legitimating,94642.73174296724
inherent,74603.72766178577
approximation,79197.40501200037
peoplehood,79030.44113254025
posits,73192.76080540231
irrelevance,72705.51287891937
illusions,77814.75826689333
nation-state,117099.0906893054
legitimation,70850.51068353458
totalitarian,77473.51882001346
impossibility,105528.93056725244
propagandistic,77806.91762937048
metaphysical,82211.00193445894
subtext,75281.72490761545
delusion,70956.00212941518
paradigm,107378.11893113574
nuance,75935.44455650021
concept,126384.12706442551
articulation,72247.3903310533
admittedly,78431.58904876313
expectation,104224.16762568524
reductive,90236.89289736378
veneer,106900.56870734663
emancipatory,71112.853401192
paradox,97433.25477476908
paternalism,80807.1085570896
definition,78032.65671779827
rationality,76734.45534884337
abstraction,93190.95254497038
infinitesimal,90272.82988583796
certainty,76027.1429638013
utopian,73196.32885763871
counter-narrative,88608.66236825322
orwellian,90462.68117022571
analogy,94547.21137434136
transcendent,83770.11614224815
st century,87696.67186210043
liberationas,79416.2069926689
absolutes,74777.03173184062
devoid,77866.8295094248
