tamzin,112791.2278347314
brown-findlay,153042.81218332952
marguerite,125375.74046272229
rosie,120685.14446434625
alice,123391.0030680954
priscilla,105060.06568499688
mimi,144268.07011312802
alexia,106004.9489237361
millicent,148475.55672164058
dejesus,129172.38860233415
latifah,107115.27969028418
elsa,114847.26251772486
edith,109353.19726345401
mila,136832.0874444005
lauren,108047.41741558156
kiera,152708.99246951155
gina,120213.08184135382
raine,111480.97361729879
deborah,112478.06695553921
mccorquodale,106555.22040373042
suri,124034.46484293202
freya,107944.88417914514
bullmore,144421.03644917885
linney,119945.72344390472
hadland,112070.59449582998
seyfried,111656.222228001
joely,133399.18371252122
isabella,108562.89650080459
melissa,119315.53049340346
isabelle,111797.92788918239
rocos,115837.28336323619
isobel,108276.75095802323
sybil,113489.36646477591
daisy,104707.61014852222
matilda,106588.33150210112
leia,125707.91075456647
mollie,139513.4766543552
nahla,109896.5149726899
sabrina,105264.20008929116
kunis,134940.24309562446
mcshera,126459.1661927799
geraldine,114493.42154583803
heidi,160507.83158609062
luise,114805.4165477135
louisa,117678.6577306427
theactress,106972.13932918389
kathy,115805.56114340496
alfie,110046.84512073107
elaine,133443.91086348827
huntington-whitely,124938.73566650663
earhart,121558.04627809621
naomi,116687.65791005919
donna,114751.92017081795
chastain,107659.49795975909
danielle,115660.61204242148
brenda,114482.2672708833
amy’s,115718.54192572123
helvin,150198.71650242785
corrett,136197.02624789305
bethany,122939.12814278479
myanna,115652.11264828398
phoebe,192045.58968609566
nina,140572.31265151172
parminder,108685.3685196229
phyllis,142024.14237260545
susie,109451.60094997742
walken,113555.89750869457
gwen,131530.80370750625
arquette,118763.85096852334
lisa,110446.32012334686
sladen,107831.56836086752
millie,121069.9377645396
shirley,125941.80073321499
jada,115607.44985874815
soon-yi,112408.72171628082
amy,137441.29838158246
ellen,118527.81796746202
ava,148329.96647841492
tracy,161161.52783052396
eva,108260.75987072464
maisie,123254.0087932994
audrey,154260.85041470054
pamela,171512.06852436563
mcgarrigle,109227.55220030011
peggy,142608.11116464465
jacqueline,112619.56420307148
sophia,126915.01136304064
bastedo,108373.2641713575
evangelista,118618.80102650741
lydia,109041.82530975892
farrow’s,113474.93313755374
cheryl’s,112055.16170446493
kristin,130189.64952992584
linda,162594.85893939875
olivia,162128.38504056734
lily-rose,108164.8982585604
bogart’s,123411.99111964004
atack,126330.69660187802
vanessa,120940.3443675024
sophie,147872.270062192
