norepinephrine,147220.22884932026
crohn’s,175429.4202499504
lipids,155214.8324764724
sufferers,129615.32325784577
epigenetic,144828.89285941873
alzheimer’s,180524.08842633505
tick-borne,171404.1968516747
pertussis,216815.04554131205
serotonin,135563.83707385988
toxoplasmosis,123761.58870002642
cholesterol,170347.04947514538
urinary,151250.15959661326
respiratory,185973.56851408177
dysbiosis,150379.26529865633
vaginosis,148831.1283199166
obesity-related,120040.5238481273
cdc,128795.02217008178
abnormalities,144162.0643880468
diseases,258737.37170115532
allergy,184938.6459724943
sti,127622.47643177063
asthma,175308.45115912543
diagnoses,217586.383594102
symptoms,130758.16240081741
cortisol,152298.0217849126
malnutrition,126469.76584871729
sexually-transmitted,218639.9095990423
curing,139641.44254413023
neurodegenerative,212189.36927913767
cancers,146664.14040566116
dubost,139989.57622871807
vaccination,203858.62853445965
utis,188993.76227258568
infection,123982.0591165766
insulin,129329.84706552206
treatable,155852.50257166827
cures,120410.52399632068
copd,131580.35605994583
prevalence,144920.0378771406
inflammation,205457.3361899935
fibromyalgia,138334.64894005726
metabolic,130253.10751647464
cardiovascular,288465.4991255336
infertility,132770.5294608474
neurologic,143279.76374893452
celiac,214980.4649296768
adhd,174218.5620678906
parkinson’s,162057.39373726948
mortality,170235.54345715817
diabetes,291416.1068861084
incidence,140011.28320482068
therapeutics,166854.3928432003
illnesses,153920.19998052728
fertility,171518.27448372787
disorders,202876.32656315542
mutations,124829.2130128232
hiv,154664.70114132084
preventable,193710.24290056602
infections,260211.9389619675
eczema,120767.8980928817
disease’s,160751.05649725322
chronic,205461.87077823008
autoimmune,202077.97892189896
papillomavirus,122594.25124212391
microbiome,155751.51009422465
diarrhea,124733.88562037112
gastrointestinal,194925.26124164995
thyroid,140883.2256407451
arthritis,124151.82711708276
mumps,178923.06364052385
allergies,250923.0877636059
influenza,122742.45115396538
diabesity,134597.92165901474
neurodevelopmental,127028.46509867016
hormone,156391.85250635986
bacterial,155414.39348532422
lyme,235211.31347925542
hymes,138259.21981623463
morbidity,195547.21917178656
vaccine-preventable,152708.84266110463
pre-diabetes,222517.37150509367
disease,193456.96250847474
cognition,152806.33758831286
premenstrual,135163.0889353009
myocardial,186542.67663611873
poisonings,130731.52399776556
non-celiac,164321.5252343123
opioid,143094.93571921738
mers,158078.46696590685
neurological,180143.27995742214
autism,127551.18904176723
vaccine,135825.0707178625
gbm,150638.00009532276
deficiency,124912.69310311052
ldl,121548.88186294393
statins,210249.57613568142
dmd,135013.1206556209
zika,137868.4113479048
hypertension,268854.9855540875
measles,165611.89740464734
