date,hypothermia,alcoholism,allergies,food allergies,anthrax,apnea,arthritis,asthma,hallucinations,back injury,cancer,headaches,calculus,sting,bleeding,blindness,high blood pressure,stroke,bruises,blisters,burn,corpses,pancreatic cancer,skin cancer,cervical cancer,cardiac arrest,death,heart disease,cardiovascular disease,chills,cholera,chronic disease,chronic pain,spasms,shock,dengue,syndrome,abdominal pain,colon cancer,coma,spinal cord injury,cough,sudden death,birth defects,diarrhea,disease,multiple sclerosis,dizziness,binge drinking,drowning,drug overdose,spotting,shortness of breath,emergency,epilepsy,starvation,fibrosis,flushing,seizures,broken bones,sleep deprivation,boils,weight gain,heart attack,heart failure,heatstroke,hepatitis,hepatitis c,hiccups,hiv infections,influenza,fever,hearing loss,illusion,aids,infection,bacterial infection,infectious diseases,inflammation,injuries,brain injury,insomnia,encephalopathy,brain dead,kidney failure,knee injury,lacerations,fatigue,leukemia,pneumonia,erectile dysfunction,measles,melanoma,meningitis,microcephaly,migraines,maids,cramps,nausea,prostate cancer,lung cancer,ovarian cancer,malnutrition,childhood obesity,obesity,choking,overweight,chest pain,aches,dementia,pertussis,plague,food poisoning,poisoning,polio,brain cancer,rash,confusion,recurrence,head injuries,malaria,infertility,mental retardation,lymphoma,rupture,scars,sclerosis,amelia,sleep apnea,sore throat,memory loss,spinal injury,miscarriage,stab wounds,strain,substance abuse,suffocation,back pain,paralysis,tremors,down syndrome,tuberculosis,breast cancer,unconsciousness,sexually transmitted diseases,vomiting,dehydration,body weight,weight loss,gunshot wound
2011-08,1.0,0.0,0.0,0.0,0.0,0.0,0.0,0.0,0.0,0.0,0.0,0.0,0.0,1.0,0.0,0.0,0.0,1.0,0.0,0.0,0.0,0.0,0.0,0.0,0.0,0.0,5.0,0.0,0.0,0.0,0.0,0.0,0.0,0.0,1.0,0.0,1.0,0.0,0.0,0.0,0.0,0.0,0.0,0.0,0.0,0.0,0.0,0.0,0.0,0.0,0.0,0.0,0.0,1.0,0.0,0.0,0.0,1.0,1.0,0.0,0.0,0.0,0.0,0.0,0.0,0.0,0.0,0.0,0.0,0.0,0.0,0.0,0.0,0.0,0.0,0.0,0.0,0.0,0.0,3.0,0.0,0.0,0.0,0.0,0.0,0.0,0.0,0.0,1.0,0.0,0.0,1.0,0.0,0.0,0.0,0.0,0.0,0.0,0.0,0.0,0.0,0.0,0.0,0.0,0.0,0.0,0.0,0.0,0.0,0.0,0.0,0.0,0.0,0.0,0.0,0.0,0.0,1.0,0.0,0.0,0.0,0.0,0.0,1.0,0.0,0.0,0.0,0.0,0.0,0.0,0.0,0.0,0.0,0.0,0.0,0.0,0.0,0.0,0.0,0.0,0.0,0.0,0.0,0.0,0.0,0.0,0.0,0.0,0.0,0.0
2011-09,0.0,1.0,19.0,1.0,13.0,0.0,1.0,9.0,2.0,2.0,109.0,8.0,1.0,18.0,13.0,3.0,12.0,49.0,9.0,2.0,48.0,12.0,0.0,1.0,22.0,2.0,461.0,14.0,4.0,6.0,3.0,7.0,1.0,0.0,34.0,6.0,9.0,0.0,0.0,7.0,2.0,0.0,0.0,0.0,8.0,143.0,0.0,0.0,2.0,2.0,1.0,4.0,0.0,150.0,1.0,8.0,0.0,4.0,3.0,0.0,2.0,3.0,6.0,9.0,2.0,0.0,1.0,0.0,1.0,1.0,4.0,21.0,0.0,7.0,7.0,43.0,2.0,9.0,5.0,207.0,3.0,18.0,1.0,0.0,3.0,1.0,1.0,11.0,0.0,0.0,4.0,0.0,0.0,2.0,0.0,2.0,0.0,0.0,2.0,0.0,3.0,2.0,2.0,1.0,27.0,1.0,16.0,0.0,5.0,15.0,0.0,2.0,1.0,7.0,10.0,3.0,5.0,15.0,1.0,9.0,0.0,10.0,2.0,0.0,3.0,7.0,0.0,0.0,0.0,0.0,2.0,0.0,5.0,2.0,11.0,3.0,2.0,1.0,8.0,3.0,0.0,1.0,7.0,0.0,6.0,5.0,4.0,3.0,5.0,6.0
2011-10,2.0,1.0,1.0,0.0,38.0,0.0,12.0,1.0,1.0,1.0,398.0,11.0,3.0,13.0,12.0,0.0,17.0,52.0,5.0,3.0,46.0,32.0,40.0,3.0,2.0,5.0,789.0,8.0,4.0,3.0,4.0,2.0,2.0,2.0,34.0,8.0,13.0,4.0,3.0,8.0,2.0,12.0,1.0,8.0,20.0,130.0,0.0,2.0,0.0,0.0,0.0,2.0,0.0,182.0,1.0,18.0,1.0,5.0,14.0,4.0,2.0,5.0,3.0,15.0,4.0,0.0,1.0,0.0,2.0,1.0,2.0,25.0,0.0,9.0,19.0,43.0,3.0,6.0,3.0,340.0,11.0,29.0,0.0,0.0,5.0,2.0,2.0,8.0,5.0,12.0,2.0,3.0,3.0,4.0,0.0,0.0,10.0,3.0,8.0,32.0,1.0,5.0,4.0,0.0,17.0,1.0,25.0,2.0,2.0,1.0,0.0,10.0,7.0,14.0,0.0,2.0,8.0,22.0,8.0,11.0,18.0,2.0,0.0,2.0,0.0,10.0,1.0,1.0,0.0,0.0,0.0,0.0,13.0,4.0,28.0,15.0,9.0,14.0,12.0,6.0,0.0,1.0,57.0,0.0,4.0,12.0,9.0,9.0,16.0,19.0
2011-11,0.0,5.0,10.0,3.0,8.0,2.0,10.0,2.0,1.0,8.0,144.0,9.0,0.0,14.0,9.0,1.0,14.0,39.0,12.0,0.0,44.0,17.0,2.0,0.0,0.0,2.0,501.0,14.0,3.0,2.0,14.0,5.0,3.0,3.0,54.0,4.0,4.0,0.0,1.0,7.0,2.0,5.0,1.0,2.0,5.0,170.0,1.0,0.0,1.0,10.0,6.0,2.0,4.0,162.0,5.0,15.0,2.0,4.0,16.0,3.0,6.0,0.0,5.0,20.0,13.0,1.0,2.0,1.0,1.0,5.0,1.0,12.0,1.0,7.0,39.0,31.0,2.0,8.0,3.0,220.0,4.0,11.0,2.0,0.0,1.0,1.0,1.0,4.0,4.0,9.0,3.0,0.0,1.0,0.0,0.0,2.0,2.0,1.0,2.0,28.0,10.0,2.0,3.0,3.0,10.0,4.0,10.0,0.0,2.0,17.0,0.0,5.0,1.0,15.0,0.0,2.0,6.0,20.0,4.0,4.0,6.0,15.0,0.0,6.0,1.0,16.0,2.0,0.0,2.0,0.0,2.0,1.0,10.0,0.0,16.0,7.0,1.0,0.0,8.0,4.0,1.0,2.0,6.0,0.0,0.0,2.0,4.0,3.0,17.0,7.0
2011-12,0.0,4.0,2.0,0.0,1.0,0.0,1.0,3.0,0.0,2.0,197.0,10.0,1.0,9.0,23.0,4.0,7.0,32.0,14.0,0.0,40.0,12.0,2.0,0.0,1.0,2.0,642.0,11.0,1.0,1.0,0.0,2.0,0.0,2.0,44.0,6.0,10.0,1.0,6.0,1.0,1.0,5.0,3.0,2.0,0.0,108.0,1.0,1.0,1.0,1.0,2.0,1.0,1.0,138.0,1.0,36.0,2.0,1.0,11.0,6.0,2.0,1.0,10.0,32.0,4.0,0.0,2.0,1.0,1.0,4.0,7.0,17.0,4.0,11.0,70.0,59.0,1.0,3.0,2.0,262.0,11.0,3.0,3.0,1.0,7.0,2.0,3.0,18.0,1.0,11.0,2.0,0.0,2.0,2.0,0.0,0.0,2.0,2.0,5.0,10.0,5.0,0.0,3.0,2.0,12.0,4.0,7.0,5.0,0.0,2.0,0.0,3.0,3.0,13.0,1.0,3.0,7.0,16.0,3.0,7.0,4.0,1.0,0.0,3.0,5.0,11.0,1.0,2.0,0.0,0.0,0.0,0.0,9.0,1.0,25.0,17.0,1.0,0.0,7.0,11.0,2.0,1.0,23.0,0.0,2.0,2.0,1.0,0.0,9.0,22.0
2012-01,4.0,1.0,46.0,17.0,0.0,0.0,1.0,9.0,0.0,5.0,100.0,16.0,4.0,9.0,16.0,1.0,10.0,40.0,14.0,0.0,35.0,17.0,0.0,0.0,0.0,3.0,472.0,17.0,3.0,1.0,4.0,5.0,0.0,1.0,47.0,2.0,15.0,0.0,2.0,27.0,1.0,5.0,2.0,0.0,1.0,83.0,1.0,0.0,0.0,5.0,0.0,1.0,3.0,195.0,8.0,8.0,7.0,2.0,16.0,3.0,3.0,2.0,9.0,35.0,5.0,1.0,4.0,2.0,1.0,0.0,3.0,8.0,0.0,14.0,7.0,14.0,0.0,1.0,9.0,268.0,12.0,0.0,6.0,0.0,3.0,3.0,2.0,7.0,8.0,12.0,0.0,0.0,0.0,1.0,0.0,1.0,4.0,2.0,4.0,1.0,9.0,0.0,6.0,2.0,25.0,6.0,6.0,1.0,1.0,21.0,0.0,3.0,0.0,4.0,10.0,1.0,10.0,18.0,1.0,3.0,3.0,0.0,2.0,5.0,14.0,11.0,1.0,15.0,0.0,0.0,2.0,0.0,4.0,0.0,18.0,5.0,2.0,0.0,4.0,5.0,0.0,3.0,7.0,0.0,5.0,2.0,2.0,3.0,12.0,15.0
2012-02,17.0,11.0,18.0,8.0,1.0,3.0,6.0,15.0,0.0,4.0,134.0,17.0,1.0,22.0,12.0,0.0,6.0,42.0,9.0,0.0,46.0,14.0,2.0,1.0,0.0,0.0,566.0,18.0,1.0,1.0,3.0,10.0,0.0,2.0,44.0,0.0,16.0,2.0,0.0,4.0,0.0,4.0,2.0,2.0,10.0,98.0,2.0,1.0,0.0,2.0,5.0,0.0,1.0,144.0,4.0,18.0,1.0,2.0,10.0,1.0,1.0,4.0,2.0,14.0,0.0,0.0,2.0,0.0,2.0,1.0,0.0,10.0,0.0,8.0,12.0,27.0,3.0,1.0,3.0,235.0,4.0,4.0,4.0,4.0,1.0,1.0,2.0,6.0,3.0,2.0,1.0,0.0,0.0,0.0,0.0,16.0,3.0,4.0,4.0,1.0,4.0,1.0,10.0,11.0,41.0,3.0,22.0,0.0,2.0,3.0,0.0,3.0,4.0,8.0,0.0,1.0,4.0,36.0,15.0,8.0,2.0,0.0,1.0,2.0,0.0,10.0,3.0,1.0,3.0,0.0,5.0,0.0,1.0,0.0,16.0,42.0,2.0,4.0,4.0,5.0,6.0,3.0,30.0,0.0,3.0,8.0,3.0,1.0,4.0,19.0
2012-03,3.0,1.0,4.0,0.0,1.0,13.0,1.0,1.0,1.0,0.0,196.0,9.0,2.0,17.0,22.0,1.0,4.0,27.0,7.0,1.0,45.0,16.0,1.0,3.0,12.0,19.0,559.0,7.0,1.0,0.0,0.0,7.0,1.0,0.0,67.0,0.0,15.0,1.0,14.0,6.0,0.0,1.0,2.0,4.0,2.0,117.0,1.0,3.0,0.0,5.0,0.0,0.0,1.0,155.0,6.0,9.0,5.0,2.0,19.0,2.0,1.0,5.0,0.0,25.0,2.0,0.0,1.0,0.0,1.0,1.0,0.0,6.0,0.0,6.0,5.0,10.0,0.0,0.0,3.0,311.0,49.0,9.0,3.0,4.0,7.0,5.0,4.0,11.0,7.0,3.0,7.0,1.0,2.0,0.0,0.0,3.0,5.0,1.0,0.0,10.0,10.0,1.0,7.0,1.0,4.0,4.0,3.0,1.0,2.0,0.0,0.0,6.0,1.0,8.0,3.0,5.0,10.0,22.0,6.0,14.0,2.0,5.0,18.0,1.0,3.0,17.0,1.0,7.0,12.0,2.0,1.0,0.0,8.0,0.0,23.0,39.0,0.0,0.0,4.0,10.0,0.0,0.0,7.0,1.0,3.0,7.0,6.0,2.0,5.0,15.0
2012-04,0.0,3.0,4.0,0.0,0.0,1.0,10.0,1.0,2.0,4.0,222.0,5.0,4.0,16.0,24.0,2.0,5.0,27.0,5.0,1.0,25.0,19.0,2.0,0.0,3.0,6.0,628.0,11.0,5.0,1.0,1.0,2.0,0.0,0.0,41.0,0.0,16.0,2.0,1.0,8.0,1.0,3.0,5.0,5.0,1.0,130.0,6.0,3.0,2.0,7.0,1.0,4.0,0.0,89.0,5.0,13.0,2.0,0.0,31.0,2.0,0.0,2.0,4.0,16.0,3.0,0.0,3.0,1.0,1.0,0.0,3.0,17.0,1.0,14.0,6.0,20.0,0.0,2.0,3.0,205.0,2.0,0.0,13.0,0.0,2.0,5.0,3.0,5.0,1.0,5.0,3.0,1.0,0.0,1.0,0.0,1.0,2.0,2.0,2.0,12.0,8.0,24.0,12.0,0.0,15.0,1.0,5.0,1.0,0.0,17.0,0.0,1.0,1.0,18.0,1.0,2.0,6.0,11.0,7.0,8.0,4.0,2.0,2.0,0.0,1.0,14.0,7.0,0.0,1.0,4.0,3.0,1.0,4.0,1.0,24.0,13.0,0.0,3.0,5.0,5.0,4.0,4.0,16.0,2.0,1.0,5.0,4.0,1.0,8.0,15.0
2012-05,0.0,2.0,14.0,9.0,0.0,0.0,1.0,7.0,7.0,5.0,159.0,14.0,7.0,17.0,19.0,10.0,4.0,31.0,22.0,0.0,39.0,15.0,1.0,6.0,2.0,5.0,545.0,17.0,5.0,2.0,1.0,9.0,0.0,0.0,60.0,0.0,9.0,0.0,2.0,8.0,2.0,5.0,2.0,2.0,8.0,214.0,0.0,4.0,0.0,12.0,5.0,6.0,1.0,146.0,8.0,13.0,2.0,1.0,28.0,3.0,2.0,2.0,6.0,13.0,3.0,1.0,0.0,0.0,1.0,2.0,1.0,22.0,3.0,7.0,39.0,95.0,5.0,6.0,9.0,284.0,28.0,2.0,15.0,0.0,2.0,4.0,5.0,8.0,3.0,4.0,2.0,3.0,0.0,0.0,0.0,3.0,7.0,2.0,5.0,20.0,7.0,0.0,4.0,7.0,49.0,6.0,13.0,0.0,5.0,29.0,0.0,4.0,3.0,12.0,3.0,2.0,10.0,24.0,0.0,10.0,5.0,1.0,0.0,1.0,6.0,17.0,1.0,1.0,0.0,1.0,4.0,0.0,7.0,3.0,25.0,6.0,3.0,1.0,12.0,4.0,4.0,3.0,11.0,2.0,1.0,10.0,3.0,1.0,3.0,14.0
2012-06,1.0,3.0,20.0,3.0,0.0,1.0,5.0,8.0,7.0,2.0,200.0,36.0,1.0,38.0,18.0,0.0,6.0,17.0,7.0,2.0,38.0,9.0,1.0,3.0,0.0,3.0,414.0,9.0,2.0,2.0,0.0,4.0,0.0,1.0,71.0,2.0,14.0,0.0,3.0,11.0,1.0,3.0,3.0,3.0,5.0,91.0,1.0,1.0,1.0,12.0,0.0,11.0,2.0,172.0,28.0,3.0,2.0,1.0,65.0,2.0,3.0,2.0,16.0,18.0,1.0,2.0,6.0,4.0,1.0,0.0,0.0,15.0,1.0,8.0,15.0,39.0,1.0,2.0,7.0,264.0,6.0,2.0,5.0,2.0,3.0,4.0,3.0,14.0,3.0,5.0,0.0,1.0,5.0,0.0,0.0,29.0,0.0,5.0,4.0,8.0,19.0,0.0,4.0,4.0,47.0,9.0,11.0,2.0,1.0,4.0,0.0,9.0,2.0,3.0,19.0,8.0,4.0,24.0,1.0,6.0,2.0,1.0,0.0,0.0,2.0,11.0,2.0,1.0,1.0,0.0,1.0,0.0,4.0,3.0,24.0,7.0,7.0,2.0,7.0,5.0,6.0,2.0,16.0,3.0,2.0,4.0,4.0,3.0,12.0,9.0
2012-07,0.0,4.0,5.0,1.0,0.0,2.0,2.0,3.0,9.0,3.0,134.0,17.0,5.0,14.0,27.0,2.0,7.0,34.0,14.0,3.0,48.0,5.0,3.0,5.0,1.0,0.0,415.0,7.0,0.0,1.0,10.0,7.0,0.0,0.0,37.0,8.0,10.0,5.0,1.0,8.0,3.0,3.0,1.0,7.0,18.0,163.0,0.0,0.0,3.0,10.0,1.0,1.0,1.0,173.0,8.0,3.0,1.0,1.0,26.0,6.0,1.0,1.0,12.0,13.0,5.0,8.0,20.0,16.0,2.0,2.0,4.0,29.0,10.0,9.0,64.0,57.0,2.0,6.0,14.0,261.0,0.0,1.0,1.0,0.0,1.0,3.0,1.0,9.0,6.0,5.0,4.0,1.0,4.0,1.0,0.0,2.0,1.0,2.0,4.0,10.0,8.0,1.0,0.0,0.0,13.0,2.0,15.0,2.0,6.0,6.0,1.0,1.0,2.0,15.0,60.0,3.0,11.0,25.0,3.0,7.0,3.0,2.0,3.0,2.0,6.0,2.0,0.0,3.0,2.0,1.0,2.0,0.0,4.0,1.0,21.0,26.0,3.0,0.0,9.0,1.0,0.0,1.0,24.0,1.0,0.0,14.0,3.0,0.0,11.0,17.0
2012-08,0.0,2.0,6.0,0.0,0.0,2.0,5.0,10.0,1.0,4.0,184.0,25.0,3.0,25.0,16.0,2.0,6.0,60.0,10.0,3.0,40.0,12.0,2.0,1.0,3.0,5.0,451.0,6.0,2.0,5.0,8.0,7.0,0.0,3.0,57.0,0.0,32.0,4.0,3.0,10.0,2.0,12.0,1.0,3.0,18.0,234.0,7.0,2.0,0.0,16.0,3.0,5.0,5.0,179.0,7.0,3.0,0.0,20.0,12.0,2.0,1.0,6.0,3.0,23.0,4.0,3.0,2.0,2.0,0.0,1.0,7.0,43.0,1.0,4.0,12.0,86.0,4.0,1.0,21.0,295.0,7.0,4.0,1.0,0.0,1.0,6.0,2.0,25.0,3.0,13.0,0.0,0.0,1.0,4.0,0.0,1.0,0.0,2.0,3.0,5.0,1.0,0.0,4.0,0.0,5.0,4.0,11.0,3.0,13.0,2.0,0.0,1.0,0.0,17.0,0.0,12.0,16.0,23.0,16.0,1.0,13.0,2.0,6.0,3.0,2.0,8.0,7.0,1.0,2.0,2.0,0.0,4.0,5.0,2.0,36.0,16.0,1.0,1.0,6.0,2.0,4.0,0.0,26.0,2.0,8.0,20.0,6.0,2.0,8.0,17.0
2012-09,1.0,21.0,3.0,0.0,1.0,1.0,7.0,5.0,0.0,2.0,221.0,13.0,1.0,18.0,9.0,0.0,8.0,41.0,5.0,2.0,31.0,8.0,1.0,1.0,1.0,0.0,462.0,30.0,8.0,4.0,5.0,8.0,3.0,0.0,42.0,0.0,12.0,0.0,1.0,11.0,4.0,6.0,1.0,11.0,6.0,188.0,3.0,2.0,2.0,7.0,0.0,1.0,1.0,107.0,1.0,4.0,0.0,16.0,11.0,4.0,1.0,2.0,8.0,43.0,0.0,1.0,1.0,0.0,4.0,6.0,1.0,13.0,3.0,12.0,21.0,38.0,2.0,3.0,9.0,274.0,18.0,3.0,1.0,0.0,0.0,5.0,1.0,10.0,5.0,10.0,0.0,0.0,1.0,1.0,0.0,2.0,0.0,0.0,1.0,0.0,3.0,7.0,9.0,6.0,42.0,4.0,14.0,2.0,3.0,5.0,0.0,5.0,2.0,13.0,3.0,6.0,0.0,22.0,2.0,15.0,12.0,0.0,2.0,3.0,3.0,7.0,4.0,1.0,1.0,0.0,2.0,0.0,3.0,6.0,12.0,17.0,0.0,8.0,9.0,3.0,4.0,1.0,11.0,1.0,0.0,7.0,4.0,4.0,15.0,13.0
2012-10,1.0,7.0,8.0,0.0,0.0,9.0,1.0,3.0,0.0,2.0,311.0,42.0,2.0,29.0,8.0,2.0,6.0,34.0,9.0,0.0,49.0,2.0,2.0,1.0,0.0,2.0,363.0,22.0,3.0,6.0,3.0,6.0,1.0,0.0,45.0,0.0,17.0,2.0,2.0,10.0,0.0,6.0,0.0,3.0,5.0,217.0,3.0,14.0,0.0,4.0,0.0,1.0,0.0,136.0,13.0,7.0,0.0,4.0,10.0,1.0,8.0,1.0,2.0,10.0,0.0,0.0,0.0,0.0,5.0,0.0,12.0,32.0,1.0,8.0,6.0,90.0,2.0,11.0,26.0,235.0,16.0,4.0,4.0,0.0,1.0,5.0,1.0,5.0,1.0,5.0,0.0,1.0,0.0,133.0,0.0,6.0,1.0,1.0,14.0,5.0,3.0,7.0,16.0,1.0,14.0,4.0,3.0,0.0,1.0,2.0,0.0,10.0,1.0,4.0,38.0,3.0,4.0,36.0,6.0,3.0,21.0,14.0,8.0,2.0,4.0,7.0,3.0,0.0,1.0,2.0,1.0,2.0,8.0,1.0,18.0,7.0,0.0,6.0,12.0,3.0,2.0,3.0,72.0,0.0,0.0,9.0,3.0,0.0,4.0,12.0
2012-11,1.0,5.0,12.0,6.0,0.0,1.0,2.0,4.0,1.0,2.0,138.0,15.0,1.0,11.0,7.0,0.0,9.0,28.0,4.0,0.0,40.0,3.0,0.0,0.0,2.0,1.0,296.0,20.0,3.0,1.0,3.0,3.0,1.0,1.0,38.0,2.0,27.0,0.0,1.0,11.0,1.0,6.0,0.0,1.0,4.0,110.0,3.0,2.0,0.0,9.0,4.0,1.0,0.0,134.0,2.0,9.0,3.0,3.0,19.0,1.0,3.0,2.0,2.0,21.0,1.0,0.0,7.0,5.0,2.0,2.0,2.0,17.0,2.0,6.0,25.0,26.0,0.0,4.0,6.0,209.0,11.0,1.0,1.0,3.0,1.0,3.0,1.0,14.0,6.0,1.0,0.0,2.0,0.0,13.0,0.0,2.0,0.0,0.0,11.0,6.0,2.0,1.0,3.0,3.0,14.0,11.0,6.0,0.0,3.0,16.0,0.0,4.0,2.0,25.0,1.0,4.0,5.0,18.0,5.0,0.0,1.0,0.0,2.0,0.0,3.0,7.0,3.0,3.0,1.0,0.0,1.0,0.0,7.0,1.0,31.0,12.0,3.0,6.0,6.0,3.0,16.0,0.0,17.0,0.0,2.0,4.0,1.0,2.0,7.0,8.0
2012-12,6.0,1.0,11.0,6.0,1.0,0.0,2.0,2.0,2.0,0.0,176.0,14.0,1.0,11.0,18.0,6.0,1.0,33.0,3.0,1.0,53.0,4.0,0.0,4.0,1.0,3.0,466.0,8.0,2.0,0.0,0.0,2.0,1.0,4.0,64.0,0.0,33.0,1.0,0.0,17.0,0.0,0.0,1.0,0.0,3.0,99.0,3.0,1.0,1.0,6.0,4.0,1.0,1.0,149.0,8.0,13.0,4.0,3.0,25.0,1.0,4.0,2.0,1.0,14.0,2.0,1.0,3.0,2.0,1.0,1.0,0.0,10.0,4.0,8.0,34.0,72.0,2.0,3.0,10.0,284.0,15.0,0.0,3.0,0.0,0.0,3.0,3.0,12.0,9.0,10.0,0.0,2.0,2.0,6.0,0.0,1.0,0.0,0.0,5.0,6.0,5.0,2.0,2.0,3.0,14.0,4.0,5.0,0.0,5.0,13.0,0.0,1.0,2.0,6.0,24.0,6.0,7.0,21.0,8.0,14.0,0.0,4.0,2.0,0.0,1.0,8.0,3.0,0.0,0.0,0.0,0.0,2.0,2.0,0.0,7.0,14.0,2.0,1.0,11.0,2.0,4.0,1.0,17.0,2.0,1.0,6.0,5.0,1.0,1.0,20.0
2013-01,2.0,19.0,25.0,14.0,0.0,2.0,2.0,9.0,0.0,4.0,278.0,12.0,2.0,11.0,12.0,3.0,11.0,59.0,12.0,4.0,45.0,6.0,2.0,0.0,3.0,2.0,515.0,7.0,4.0,5.0,4.0,9.0,1.0,0.0,45.0,0.0,15.0,3.0,2.0,23.0,3.0,28.0,2.0,0.0,8.0,160.0,0.0,3.0,15.0,6.0,2.0,2.0,4.0,166.0,0.0,4.0,1.0,6.0,19.0,3.0,3.0,3.0,10.0,20.0,11.0,2.0,6.0,3.0,3.0,1.0,41.0,21.0,0.0,8.0,15.0,71.0,6.0,10.0,13.0,300.0,15.0,7.0,8.0,2.0,0.0,8.0,0.0,4.0,25.0,20.0,4.0,3.0,2.0,6.0,0.0,2.0,3.0,0.0,9.0,9.0,4.0,2.0,6.0,1.0,38.0,1.0,26.0,3.0,8.0,11.0,4.0,4.0,6.0,17.0,8.0,3.0,7.0,20.0,6.0,9.0,3.0,3.0,3.0,7.0,1.0,7.0,0.0,3.0,2.0,5.0,4.0,4.0,9.0,0.0,48.0,10.0,0.0,0.0,4.0,0.0,2.0,1.0,3.0,1.0,5.0,9.0,10.0,3.0,7.0,12.0
2013-02,9.0,5.0,32.0,10.0,2.0,1.0,3.0,6.0,2.0,2.0,188.0,15.0,2.0,15.0,4.0,21.0,7.0,47.0,2.0,2.0,47.0,12.0,1.0,1.0,1.0,2.0,431.0,17.0,2.0,1.0,1.0,3.0,3.0,2.0,65.0,0.0,12.0,0.0,1.0,13.0,4.0,4.0,4.0,2.0,6.0,163.0,5.0,2.0,0.0,2.0,3.0,2.0,4.0,138.0,5.0,4.0,1.0,1.0,12.0,1.0,2.0,0.0,4.0,20.0,8.0,0.0,3.0,0.0,0.0,2.0,4.0,7.0,1.0,8.0,19.0,30.0,2.0,5.0,6.0,335.0,11.0,3.0,7.0,1.0,2.0,8.0,1.0,12.0,4.0,6.0,2.0,1.0,0.0,1.0,0.0,6.0,0.0,3.0,4.0,2.0,4.0,3.0,3.0,1.0,23.0,7.0,8.0,3.0,1.0,4.0,0.0,6.0,4.0,8.0,7.0,3.0,17.0,18.0,7.0,1.0,7.0,1.0,5.0,1.0,2.0,8.0,5.0,2.0,1.0,1.0,1.0,3.0,7.0,3.0,14.0,8.0,1.0,4.0,3.0,2.0,0.0,0.0,23.0,0.0,2.0,11.0,2.0,3.0,16.0,12.0
2013-03,0.0,4.0,36.0,1.0,1.0,0.0,1.0,10.0,3.0,4.0,171.0,15.0,7.0,11.0,11.0,4.0,2.0,24.0,9.0,3.0,50.0,10.0,3.0,0.0,0.0,5.0,620.0,22.0,5.0,3.0,3.0,8.0,1.0,0.0,40.0,0.0,19.0,0.0,2.0,17.0,0.0,3.0,3.0,5.0,6.0,159.0,3.0,0.0,0.0,17.0,0.0,4.0,0.0,123.0,8.0,13.0,0.0,0.0,23.0,1.0,3.0,2.0,12.0,16.0,2.0,0.0,29.0,10.0,4.0,12.0,4.0,15.0,2.0,5.0,55.0,129.0,2.0,5.0,9.0,265.0,10.0,5.0,1.0,0.0,4.0,8.0,6.0,14.0,3.0,8.0,10.0,1.0,0.0,4.0,0.0,1.0,2.0,1.0,6.0,9.0,5.0,1.0,5.0,2.0,56.0,3.0,12.0,1.0,0.0,4.0,0.0,19.0,3.0,13.0,1.0,1.0,11.0,20.0,7.0,6.0,4.0,3.0,3.0,4.0,1.0,8.0,3.0,0.0,0.0,0.0,1.0,2.0,2.0,1.0,18.0,13.0,2.0,0.0,5.0,1.0,8.0,4.0,12.0,1.0,2.0,6.0,8.0,2.0,13.0,7.0
2013-04,1.0,1.0,60.0,6.0,6.0,25.0,1.0,7.0,6.0,2.0,195.0,12.0,2.0,16.0,28.0,1.0,10.0,39.0,1.0,7.0,66.0,6.0,0.0,1.0,5.0,2.0,681.0,6.0,0.0,0.0,0.0,3.0,0.0,1.0,77.0,0.0,14.0,2.0,9.0,16.0,0.0,7.0,2.0,2.0,3.0,175.0,9.0,2.0,0.0,4.0,1.0,2.0,3.0,198.0,3.0,6.0,0.0,2.0,9.0,1.0,0.0,1.0,1.0,31.0,0.0,1.0,23.0,6.0,1.0,5.0,16.0,16.0,3.0,7.0,8.0,131.0,0.0,8.0,2.0,453.0,21.0,14.0,12.0,2.0,1.0,5.0,3.0,7.0,1.0,11.0,0.0,14.0,1.0,1.0,0.0,5.0,1.0,5.0,8.0,3.0,2.0,3.0,2.0,0.0,8.0,8.0,6.0,4.0,5.0,8.0,7.0,3.0,6.0,9.0,7.0,4.0,10.0,26.0,3.0,10.0,5.0,7.0,3.0,0.0,9.0,16.0,14.0,1.0,25.0,0.0,0.0,0.0,5.0,4.0,51.0,21.0,0.0,2.0,13.0,3.0,3.0,5.0,16.0,3.0,21.0,4.0,7.0,5.0,14.0,33.0
2013-05,0.0,9.0,53.0,20.0,0.0,2.0,5.0,8.0,0.0,8.0,320.0,13.0,3.0,12.0,9.0,5.0,6.0,32.0,6.0,2.0,31.0,18.0,2.0,4.0,0.0,3.0,736.0,10.0,0.0,4.0,3.0,5.0,9.0,0.0,63.0,4.0,19.0,0.0,5.0,13.0,2.0,8.0,1.0,5.0,13.0,194.0,2.0,1.0,2.0,9.0,7.0,4.0,5.0,211.0,2.0,10.0,5.0,2.0,11.0,4.0,1.0,2.0,4.0,17.0,2.0,0.0,7.0,0.0,1.0,1.0,1.0,27.0,0.0,6.0,16.0,57.0,1.0,7.0,3.0,336.0,14.0,13.0,0.0,0.0,7.0,6.0,6.0,7.0,4.0,10.0,10.0,0.0,8.0,2.0,0.0,3.0,2.0,0.0,4.0,9.0,4.0,29.0,2.0,1.0,12.0,10.0,14.0,2.0,2.0,4.0,0.0,1.0,1.0,8.0,6.0,8.0,7.0,31.0,13.0,15.0,6.0,0.0,2.0,2.0,2.0,21.0,2.0,2.0,2.0,1.0,4.0,0.0,8.0,5.0,12.0,28.0,4.0,6.0,4.0,0.0,0.0,1.0,82.0,0.0,14.0,4.0,4.0,4.0,20.0,20.0
2013-06,0.0,6.0,3.0,0.0,1.0,2.0,4.0,4.0,4.0,7.0,240.0,8.0,5.0,15.0,12.0,0.0,7.0,43.0,5.0,0.0,53.0,1.0,0.0,2.0,6.0,6.0,510.0,8.0,4.0,6.0,23.0,4.0,1.0,0.0,49.0,0.0,53.0,2.0,1.0,10.0,0.0,8.0,4.0,3.0,6.0,177.0,4.0,5.0,0.0,6.0,4.0,11.0,3.0,126.0,1.0,10.0,21.0,0.0,14.0,4.0,4.0,4.0,3.0,43.0,5.0,7.0,14.0,0.0,0.0,2.0,0.0,9.0,1.0,7.0,27.0,126.0,2.0,5.0,2.0,247.0,7.0,13.0,1.0,0.0,8.0,6.0,4.0,7.0,11.0,10.0,0.0,0.0,1.0,2.0,0.0,1.0,11.0,1.0,5.0,2.0,4.0,8.0,3.0,2.0,39.0,2.0,9.0,4.0,2.0,1.0,19.0,2.0,2.0,21.0,21.0,2.0,6.0,23.0,4.0,3.0,7.0,2.0,0.0,3.0,3.0,8.0,7.0,3.0,2.0,0.0,0.0,0.0,4.0,0.0,24.0,10.0,3.0,0.0,4.0,0.0,15.0,5.0,13.0,1.0,9.0,7.0,5.0,7.0,9.0,16.0
2013-07,0.0,1.0,20.0,8.0,0.0,1.0,7.0,2.0,4.0,1.0,198.0,13.0,4.0,15.0,16.0,8.0,4.0,30.0,21.0,3.0,65.0,10.0,0.0,0.0,7.0,7.0,859.0,12.0,4.0,6.0,3.0,8.0,2.0,2.0,53.0,10.0,8.0,3.0,3.0,8.0,4.0,1.0,4.0,1.0,4.0,179.0,1.0,2.0,0.0,9.0,4.0,2.0,2.0,196.0,1.0,22.0,6.0,6.0,21.0,1.0,1.0,4.0,5.0,17.0,15.0,4.0,1.0,0.0,2.0,2.0,0.0,20.0,0.0,4.0,27.0,68.0,1.0,3.0,10.0,422.0,16.0,12.0,3.0,3.0,1.0,2.0,9.0,15.0,4.0,11.0,1.0,0.0,1.0,0.0,0.0,2.0,2.0,1.0,11.0,16.0,5.0,1.0,8.0,3.0,27.0,5.0,16.0,2.0,4.0,21.0,0.0,3.0,5.0,14.0,3.0,6.0,14.0,26.0,6.0,14.0,17.0,1.0,1.0,4.0,1.0,15.0,2.0,1.0,1.0,0.0,0.0,1.0,4.0,3.0,19.0,21.0,3.0,7.0,14.0,5.0,2.0,14.0,10.0,2.0,5.0,15.0,4.0,2.0,8.0,18.0
2013-08,1.0,6.0,7.0,1.0,35.0,0.0,6.0,2.0,8.0,13.0,131.0,20.0,5.0,16.0,12.0,0.0,9.0,22.0,3.0,5.0,47.0,12.0,2.0,8.0,1.0,3.0,538.0,8.0,3.0,1.0,0.0,2.0,0.0,8.0,40.0,9.0,34.0,3.0,1.0,13.0,0.0,6.0,1.0,0.0,9.0,188.0,2.0,10.0,0.0,8.0,3.0,3.0,2.0,160.0,11.0,23.0,5.0,22.0,58.0,6.0,3.0,1.0,9.0,29.0,6.0,3.0,4.0,2.0,2.0,1.0,28.0,30.0,4.0,6.0,12.0,106.0,1.0,4.0,3.0,306.0,61.0,28.0,13.0,1.0,5.0,2.0,0.0,12.0,10.0,10.0,4.0,2.0,3.0,0.0,3.0,2.0,3.0,0.0,16.0,8.0,4.0,3.0,10.0,3.0,16.0,7.0,12.0,6.0,4.0,32.0,0.0,9.0,1.0,6.0,2.0,4.0,12.0,25.0,4.0,12.0,12.0,0.0,1.0,1.0,1.0,15.0,2.0,0.0,0.0,4.0,6.0,0.0,10.0,0.0,46.0,33.0,3.0,0.0,11.0,0.0,13.0,3.0,5.0,5.0,4.0,13.0,7.0,4.0,18.0,12.0
2013-09,2.0,7.0,23.0,8.0,0.0,2.0,3.0,17.0,6.0,2.0,119.0,15.0,6.0,19.0,16.0,2.0,3.0,26.0,3.0,2.0,59.0,6.0,1.0,0.0,0.0,2.0,559.0,8.0,1.0,5.0,0.0,1.0,1.0,2.0,44.0,0.0,16.0,2.0,0.0,9.0,0.0,16.0,2.0,1.0,1.0,192.0,0.0,1.0,0.0,8.0,3.0,3.0,2.0,164.0,10.0,12.0,0.0,14.0,18.0,1.0,1.0,2.0,5.0,25.0,1.0,0.0,14.0,7.0,8.0,7.0,17.0,21.0,0.0,18.0,17.0,85.0,0.0,4.0,3.0,245.0,14.0,21.0,7.0,1.0,3.0,4.0,5.0,14.0,6.0,9.0,2.0,13.0,0.0,23.0,0.0,0.0,2.0,1.0,8.0,4.0,9.0,7.0,6.0,1.0,26.0,2.0,13.0,4.0,4.0,13.0,13.0,9.0,1.0,13.0,5.0,6.0,10.0,32.0,0.0,4.0,5.0,1.0,0.0,3.0,2.0,13.0,0.0,3.0,2.0,0.0,4.0,0.0,0.0,3.0,21.0,10.0,4.0,9.0,11.0,0.0,1.0,3.0,2.0,0.0,3.0,12.0,3.0,2.0,17.0,21.0
2013-10,1.0,4.0,12.0,1.0,0.0,1.0,3.0,6.0,4.0,4.0,298.0,20.0,1.0,24.0,11.0,2.0,5.0,25.0,4.0,3.0,41.0,7.0,1.0,0.0,0.0,4.0,589.0,9.0,4.0,6.0,41.0,4.0,0.0,1.0,42.0,7.0,19.0,1.0,1.0,8.0,0.0,5.0,1.0,2.0,10.0,164.0,3.0,3.0,3.0,10.0,4.0,4.0,5.0,161.0,3.0,4.0,0.0,2.0,19.0,1.0,1.0,1.0,5.0,19.0,3.0,1.0,7.0,4.0,3.0,2.0,0.0,17.0,0.0,4.0,7.0,48.0,4.0,2.0,1.0,318.0,16.0,7.0,6.0,1.0,4.0,7.0,0.0,17.0,3.0,6.0,1.0,4.0,0.0,2.0,1.0,7.0,2.0,4.0,7.0,2.0,27.0,6.0,2.0,2.0,15.0,3.0,8.0,4.0,3.0,3.0,0.0,4.0,9.0,13.0,65.0,4.0,1.0,25.0,9.0,10.0,11.0,0.0,1.0,0.0,2.0,4.0,3.0,4.0,1.0,1.0,2.0,1.0,10.0,2.0,19.0,16.0,6.0,3.0,14.0,1.0,2.0,15.0,79.0,1.0,2.0,11.0,3.0,1.0,11.0,16.0
2013-11,0.0,12.0,4.0,0.0,0.0,6.0,2.0,0.0,0.0,1.0,219.0,18.0,2.0,28.0,13.0,0.0,5.0,31.0,6.0,5.0,41.0,11.0,2.0,1.0,1.0,1.0,445.0,27.0,3.0,0.0,2.0,7.0,0.0,0.0,50.0,0.0,8.0,0.0,4.0,4.0,2.0,2.0,2.0,1.0,2.0,191.0,3.0,5.0,6.0,5.0,0.0,10.0,0.0,188.0,4.0,11.0,2.0,2.0,17.0,2.0,0.0,2.0,2.0,28.0,6.0,1.0,0.0,0.0,2.0,3.0,1.0,17.0,8.0,6.0,32.0,29.0,1.0,2.0,6.0,245.0,15.0,3.0,4.0,1.0,1.0,3.0,0.0,18.0,7.0,8.0,0.0,2.0,0.0,64.0,0.0,0.0,0.0,4.0,2.0,5.0,1.0,0.0,2.0,1.0,10.0,7.0,8.0,0.0,1.0,12.0,0.0,7.0,1.0,33.0,37.0,15.0,6.0,30.0,1.0,11.0,3.0,1.0,0.0,1.0,1.0,5.0,3.0,4.0,6.0,0.0,3.0,3.0,0.0,5.0,33.0,12.0,0.0,0.0,11.0,3.0,0.0,1.0,19.0,0.0,1.0,11.0,3.0,5.0,19.0,10.0
2013-12,4.0,13.0,26.0,4.0,0.0,6.0,8.0,7.0,0.0,3.0,119.0,19.0,1.0,14.0,22.0,0.0,11.0,14.0,9.0,0.0,29.0,2.0,1.0,2.0,0.0,8.0,458.0,20.0,3.0,7.0,2.0,1.0,3.0,0.0,40.0,0.0,14.0,2.0,0.0,14.0,4.0,14.0,3.0,1.0,2.0,193.0,1.0,2.0,1.0,4.0,1.0,4.0,0.0,128.0,5.0,17.0,14.0,2.0,7.0,3.0,1.0,0.0,4.0,14.0,5.0,0.0,16.0,14.0,1.0,6.0,15.0,11.0,2.0,6.0,62.0,71.0,2.0,12.0,8.0,260.0,20.0,2.0,5.0,49.0,2.0,5.0,0.0,7.0,18.0,7.0,0.0,41.0,0.0,26.0,1.0,13.0,0.0,1.0,3.0,2.0,2.0,1.0,7.0,1.0,14.0,4.0,7.0,2.0,4.0,2.0,1.0,3.0,4.0,19.0,30.0,3.0,5.0,24.0,8.0,9.0,24.0,3.0,1.0,1.0,5.0,4.0,1.0,4.0,5.0,3.0,2.0,0.0,4.0,5.0,24.0,21.0,0.0,2.0,4.0,4.0,4.0,25.0,4.0,1.0,0.0,4.0,7.0,1.0,6.0,10.0
2014-01,9.0,5.0,11.0,3.0,1.0,5.0,5.0,6.0,1.0,5.0,129.0,23.0,4.0,12.0,20.0,4.0,7.0,39.0,19.0,4.0,44.0,8.0,0.0,0.0,0.0,16.0,447.0,12.0,2.0,15.0,1.0,3.0,7.0,1.0,49.0,0.0,19.0,2.0,0.0,55.0,0.0,3.0,3.0,4.0,27.0,120.0,0.0,5.0,0.0,2.0,1.0,4.0,1.0,287.0,2.0,22.0,1.0,10.0,15.0,1.0,0.0,3.0,4.0,17.0,0.0,1.0,1.0,0.0,1.0,1.0,2.0,16.0,1.0,5.0,16.0,26.0,2.0,3.0,18.0,308.0,30.0,7.0,4.0,58.0,1.0,3.0,7.0,15.0,4.0,2.0,2.0,3.0,0.0,9.0,0.0,0.0,2.0,4.0,16.0,1.0,19.0,0.0,7.0,1.0,8.0,7.0,1.0,7.0,10.0,3.0,0.0,1.0,6.0,13.0,0.0,3.0,7.0,20.0,4.0,16.0,2.0,6.0,0.0,0.0,2.0,12.0,1.0,0.0,4.0,1.0,1.0,0.0,10.0,4.0,33.0,17.0,0.0,0.0,3.0,0.0,14.0,0.0,3.0,3.0,2.0,33.0,8.0,4.0,28.0,16.0
2014-02,0.0,6.0,9.0,4.0,3.0,2.0,4.0,13.0,1.0,4.0,238.0,23.0,3.0,9.0,20.0,2.0,12.0,15.0,2.0,2.0,41.0,6.0,1.0,2.0,1.0,3.0,454.0,32.0,4.0,5.0,1.0,7.0,2.0,10.0,31.0,0.0,18.0,0.0,1.0,8.0,0.0,11.0,3.0,4.0,9.0,262.0,0.0,4.0,2.0,3.0,22.0,2.0,4.0,128.0,2.0,19.0,0.0,3.0,14.0,3.0,3.0,1.0,6.0,19.0,2.0,0.0,10.0,8.0,4.0,1.0,5.0,11.0,4.0,4.0,13.0,29.0,1.0,8.0,12.0,219.0,10.0,2.0,6.0,2.0,2.0,1.0,0.0,19.0,6.0,7.0,2.0,9.0,4.0,12.0,0.0,1.0,2.0,0.0,13.0,3.0,10.0,11.0,4.0,5.0,34.0,10.0,13.0,1.0,4.0,8.0,4.0,4.0,2.0,16.0,12.0,0.0,14.0,17.0,5.0,7.0,3.0,2.0,1.0,2.0,0.0,13.0,1.0,2.0,2.0,2.0,3.0,1.0,8.0,0.0,16.0,34.0,2.0,3.0,15.0,5.0,0.0,1.0,25.0,0.0,2.0,14.0,9.0,7.0,17.0,7.0
2014-03,2.0,5.0,51.0,12.0,0.0,1.0,3.0,14.0,0.0,6.0,153.0,12.0,3.0,18.0,9.0,1.0,8.0,55.0,3.0,0.0,35.0,11.0,1.0,0.0,10.0,1.0,399.0,29.0,4.0,0.0,0.0,1.0,2.0,8.0,35.0,0.0,17.0,3.0,0.0,11.0,0.0,6.0,0.0,12.0,9.0,171.0,5.0,2.0,4.0,6.0,8.0,4.0,1.0,188.0,15.0,6.0,1.0,2.0,42.0,4.0,9.0,2.0,6.0,9.0,2.0,0.0,0.0,0.0,3.0,2.0,1.0,26.0,6.0,10.0,24.0,40.0,1.0,4.0,8.0,180.0,3.0,0.0,3.0,0.0,4.0,3.0,0.0,9.0,2.0,8.0,4.0,5.0,1.0,13.0,2.0,6.0,0.0,0.0,8.0,6.0,3.0,0.0,0.0,3.0,18.0,4.0,10.0,2.0,1.0,5.0,0.0,3.0,0.0,2.0,48.0,0.0,4.0,17.0,4.0,3.0,2.0,1.0,10.0,3.0,4.0,7.0,5.0,5.0,1.0,2.0,0.0,0.0,0.0,0.0,19.0,8.0,4.0,0.0,6.0,3.0,8.0,5.0,17.0,0.0,0.0,12.0,1.0,5.0,8.0,9.0
2014-04,6.0,4.0,9.0,0.0,0.0,10.0,3.0,3.0,0.0,3.0,98.0,17.0,4.0,10.0,27.0,4.0,3.0,10.0,3.0,0.0,29.0,6.0,1.0,1.0,11.0,1.0,431.0,3.0,0.0,2.0,8.0,5.0,0.0,3.0,43.0,0.0,9.0,1.0,1.0,6.0,0.0,6.0,5.0,4.0,7.0,144.0,0.0,3.0,0.0,10.0,2.0,8.0,3.0,219.0,2.0,4.0,3.0,1.0,19.0,1.0,2.0,2.0,4.0,15.0,0.0,2.0,0.0,0.0,2.0,0.0,2.0,25.0,1.0,9.0,12.0,33.0,3.0,11.0,1.0,283.0,12.0,3.0,0.0,0.0,3.0,0.0,5.0,11.0,2.0,5.0,1.0,24.0,0.0,2.0,0.0,4.0,1.0,2.0,10.0,1.0,1.0,1.0,1.0,0.0,5.0,2.0,8.0,3.0,4.0,4.0,0.0,5.0,0.0,4.0,0.0,1.0,10.0,15.0,4.0,5.0,2.0,8.0,0.0,1.0,3.0,9.0,0.0,5.0,10.0,0.0,1.0,0.0,1.0,7.0,17.0,7.0,2.0,3.0,6.0,3.0,0.0,1.0,4.0,4.0,3.0,6.0,2.0,2.0,10.0,11.0
2014-05,1.0,4.0,19.0,0.0,0.0,0.0,1.0,13.0,4.0,2.0,149.0,15.0,4.0,8.0,18.0,1.0,8.0,23.0,3.0,0.0,33.0,15.0,7.0,18.0,0.0,0.0,446.0,17.0,3.0,7.0,1.0,2.0,1.0,2.0,39.0,2.0,19.0,4.0,2.0,2.0,0.0,16.0,1.0,9.0,11.0,206.0,1.0,4.0,0.0,2.0,2.0,3.0,7.0,156.0,0.0,8.0,0.0,2.0,9.0,4.0,0.0,2.0,4.0,8.0,3.0,1.0,9.0,0.0,1.0,10.0,4.0,30.0,0.0,2.0,18.0,74.0,3.0,18.0,5.0,268.0,21.0,4.0,1.0,0.0,11.0,2.0,0.0,3.0,5.0,15.0,1.0,47.0,8.0,1.0,0.0,1.0,1.0,1.0,7.0,3.0,3.0,0.0,0.0,2.0,19.0,9.0,6.0,1.0,5.0,18.0,0.0,5.0,0.0,6.0,38.0,0.0,6.0,25.0,8.0,3.0,5.0,0.0,13.0,3.0,1.0,10.0,1.0,1.0,0.0,3.0,2.0,0.0,2.0,2.0,23.0,10.0,1.0,16.0,9.0,1.0,0.0,5.0,13.0,1.0,1.0,6.0,2.0,0.0,15.0,32.0
2014-06,4.0,5.0,17.0,9.0,8.0,1.0,2.0,10.0,3.0,4.0,90.0,13.0,4.0,12.0,17.0,0.0,7.0,23.0,3.0,0.0,24.0,13.0,0.0,1.0,2.0,3.0,418.0,17.0,2.0,1.0,0.0,4.0,1.0,0.0,48.0,20.0,38.0,1.0,1.0,8.0,0.0,11.0,2.0,2.0,6.0,166.0,1.0,1.0,3.0,17.0,0.0,3.0,2.0,69.0,3.0,2.0,1.0,2.0,8.0,2.0,3.0,1.0,7.0,12.0,1.0,11.0,3.0,0.0,3.0,0.0,0.0,27.0,1.0,4.0,4.0,48.0,1.0,2.0,2.0,171.0,8.0,4.0,15.0,0.0,6.0,2.0,0.0,10.0,3.0,5.0,0.0,4.0,0.0,2.0,0.0,0.0,1.0,0.0,4.0,0.0,3.0,0.0,5.0,1.0,16.0,2.0,11.0,1.0,2.0,26.0,10.0,3.0,2.0,3.0,12.0,2.0,4.0,19.0,2.0,7.0,1.0,2.0,0.0,0.0,4.0,12.0,3.0,10.0,1.0,0.0,3.0,2.0,7.0,5.0,15.0,10.0,1.0,4.0,7.0,0.0,1.0,2.0,14.0,2.0,3.0,6.0,8.0,1.0,19.0,13.0
2014-07,0.0,5.0,2.0,0.0,22.0,2.0,1.0,1.0,1.0,1.0,176.0,13.0,3.0,12.0,24.0,1.0,9.0,24.0,5.0,0.0,24.0,11.0,1.0,12.0,2.0,1.0,474.0,5.0,4.0,0.0,0.0,0.0,1.0,2.0,27.0,8.0,12.0,2.0,2.0,3.0,4.0,4.0,1.0,0.0,7.0,173.0,2.0,0.0,5.0,4.0,2.0,2.0,1.0,136.0,24.0,2.0,0.0,4.0,39.0,1.0,0.0,1.0,1.0,18.0,4.0,18.0,0.0,0.0,1.0,3.0,2.0,34.0,0.0,9.0,16.0,55.0,1.0,15.0,5.0,163.0,3.0,0.0,6.0,0.0,1.0,2.0,0.0,6.0,2.0,5.0,3.0,1.0,6.0,1.0,0.0,1.0,0.0,2.0,4.0,21.0,8.0,3.0,2.0,3.0,16.0,6.0,5.0,2.0,1.0,13.0,2.0,9.0,0.0,1.0,0.0,2.0,3.0,30.0,1.0,8.0,4.0,0.0,2.0,0.0,3.0,23.0,2.0,0.0,1.0,1.0,0.0,0.0,1.0,1.0,27.0,10.0,1.0,0.0,9.0,3.0,0.0,7.0,9.0,1.0,3.0,7.0,5.0,1.0,10.0,10.0
2014-08,3.0,3.0,13.0,4.0,4.0,0.0,3.0,7.0,0.0,3.0,111.0,32.0,2.0,4.0,42.0,1.0,4.0,9.0,7.0,1.0,32.0,8.0,2.0,0.0,0.0,1.0,451.0,3.0,8.0,1.0,2.0,4.0,13.0,4.0,25.0,0.0,12.0,4.0,0.0,1.0,1.0,6.0,1.0,0.0,34.0,292.0,4.0,0.0,0.0,4.0,11.0,3.0,0.0,124.0,3.0,12.0,3.0,9.0,4.0,0.0,1.0,4.0,5.0,13.0,2.0,5.0,3.0,0.0,3.0,1.0,3.0,90.0,0.0,3.0,9.0,100.0,1.0,26.0,7.0,165.0,5.0,1.0,2.0,0.0,0.0,1.0,0.0,12.0,1.0,6.0,0.0,4.0,1.0,3.0,0.0,4.0,0.0,5.0,7.0,2.0,5.0,0.0,4.0,2.0,11.0,11.0,3.0,2.0,5.0,6.0,2.0,9.0,4.0,2.0,3.0,4.0,10.0,15.0,8.0,6.0,4.0,0.0,0.0,2.0,2.0,9.0,8.0,3.0,0.0,17.0,0.0,0.0,2.0,0.0,32.0,22.0,2.0,1.0,6.0,9.0,5.0,2.0,1.0,1.0,0.0,31.0,9.0,2.0,4.0,8.0
2014-09,0.0,4.0,8.0,0.0,0.0,1.0,2.0,22.0,4.0,2.0,112.0,20.0,1.0,12.0,12.0,3.0,9.0,17.0,9.0,0.0,18.0,5.0,0.0,0.0,0.0,10.0,359.0,5.0,6.0,4.0,0.0,4.0,0.0,0.0,27.0,24.0,5.0,2.0,0.0,0.0,0.0,17.0,2.0,1.0,7.0,267.0,0.0,1.0,2.0,5.0,0.0,2.0,0.0,97.0,4.0,5.0,0.0,5.0,6.0,3.0,2.0,4.0,6.0,12.0,0.0,0.0,3.0,0.0,0.0,0.0,7.0,65.0,2.0,4.0,5.0,87.0,1.0,26.0,5.0,173.0,5.0,2.0,7.0,0.0,0.0,5.0,1.0,8.0,1.0,6.0,0.0,17.0,0.0,13.0,0.0,12.0,0.0,0.0,5.0,1.0,0.0,0.0,2.0,1.0,7.0,5.0,3.0,3.0,3.0,19.0,0.0,4.0,1.0,3.0,4.0,3.0,18.0,19.0,1.0,7.0,15.0,0.0,0.0,0.0,0.0,5.0,0.0,1.0,1.0,8.0,1.0,0.0,1.0,1.0,20.0,18.0,1.0,1.0,4.0,1.0,0.0,8.0,9.0,1.0,2.0,11.0,1.0,1.0,8.0,9.0
2014-10,4.0,3.0,33.0,5.0,1.0,0.0,0.0,8.0,1.0,1.0,125.0,17.0,2.0,19.0,19.0,6.0,2.0,15.0,6.0,1.0,34.0,6.0,3.0,3.0,1.0,5.0,382.0,5.0,1.0,1.0,3.0,2.0,0.0,5.0,36.0,12.0,17.0,15.0,1.0,7.0,2.0,9.0,0.0,1.0,26.0,589.0,5.0,1.0,0.0,7.0,1.0,3.0,1.0,143.0,4.0,4.0,1.0,2.0,10.0,0.0,0.0,2.0,5.0,3.0,2.0,3.0,0.0,0.0,0.0,0.0,8.0,139.0,0.0,4.0,12.0,141.0,2.0,75.0,5.0,164.0,3.0,0.0,1.0,0.0,0.0,0.0,4.0,17.0,2.0,8.0,0.0,0.0,0.0,3.0,0.0,1.0,0.0,1.0,9.0,0.0,1.0,0.0,3.0,1.0,30.0,2.0,7.0,1.0,5.0,4.0,0.0,1.0,1.0,3.0,5.0,13.0,4.0,19.0,1.0,8.0,4.0,5.0,0.0,0.0,0.0,17.0,6.0,4.0,0.0,3.0,1.0,1.0,5.0,1.0,30.0,7.0,2.0,1.0,5.0,2.0,0.0,14.0,6.0,0.0,0.0,25.0,2.0,1.0,14.0,3.0
2014-11,0.0,0.0,4.0,0.0,0.0,0.0,0.0,2.0,1.0,3.0,58.0,11.0,4.0,5.0,12.0,1.0,2.0,15.0,5.0,2.0,22.0,8.0,2.0,0.0,0.0,0.0,342.0,7.0,0.0,1.0,0.0,0.0,0.0,1.0,17.0,0.0,1.0,0.0,3.0,14.0,0.0,4.0,0.0,2.0,1.0,113.0,1.0,0.0,0.0,3.0,0.0,1.0,0.0,76.0,4.0,7.0,0.0,4.0,6.0,0.0,0.0,0.0,4.0,8.0,0.0,2.0,0.0,0.0,0.0,0.0,11.0,18.0,0.0,3.0,6.0,15.0,0.0,10.0,0.0,172.0,9.0,1.0,0.0,0.0,0.0,2.0,4.0,3.0,2.0,1.0,0.0,0.0,0.0,1.0,0.0,0.0,1.0,1.0,2.0,2.0,16.0,3.0,0.0,0.0,2.0,3.0,1.0,0.0,2.0,3.0,0.0,2.0,0.0,2.0,7.0,4.0,2.0,10.0,0.0,5.0,3.0,1.0,3.0,0.0,0.0,9.0,2.0,0.0,0.0,0.0,2.0,0.0,1.0,0.0,15.0,4.0,0.0,2.0,5.0,2.0,0.0,0.0,5.0,0.0,1.0,5.0,0.0,5.0,7.0,6.0
2014-12,7.0,0.0,5.0,0.0,2.0,0.0,9.0,10.0,4.0,1.0,41.0,19.0,0.0,17.0,6.0,5.0,2.0,14.0,2.0,3.0,33.0,3.0,1.0,0.0,0.0,2.0,383.0,1.0,3.0,0.0,0.0,1.0,1.0,0.0,29.0,6.0,9.0,0.0,0.0,3.0,0.0,5.0,1.0,0.0,3.0,120.0,0.0,5.0,2.0,3.0,1.0,2.0,5.0,82.0,3.0,14.0,0.0,0.0,11.0,1.0,16.0,1.0,1.0,7.0,0.0,0.0,3.0,0.0,2.0,9.0,6.0,28.0,0.0,7.0,12.0,52.0,0.0,13.0,14.0,139.0,3.0,2.0,0.0,2.0,0.0,1.0,3.0,6.0,1.0,6.0,0.0,1.0,0.0,1.0,0.0,1.0,1.0,2.0,3.0,0.0,2.0,8.0,0.0,1.0,6.0,9.0,4.0,1.0,6.0,2.0,1.0,2.0,2.0,4.0,2.0,2.0,3.0,16.0,4.0,8.0,1.0,0.0,0.0,0.0,0.0,10.0,1.0,0.0,0.0,4.0,2.0,0.0,1.0,1.0,27.0,9.0,4.0,3.0,3.0,0.0,4.0,2.0,4.0,1.0,0.0,13.0,4.0,0.0,5.0,11.0
2015-01,18.0,9.0,8.0,0.0,0.0,12.0,2.0,6.0,2.0,6.0,139.0,12.0,6.0,15.0,16.0,8.0,1.0,29.0,5.0,0.0,34.0,13.0,0.0,2.0,0.0,5.0,588.0,12.0,2.0,8.0,2.0,3.0,4.0,2.0,51.0,0.0,19.0,0.0,0.0,8.0,0.0,21.0,2.0,2.0,3.0,196.0,2.0,1.0,13.0,7.0,2.0,9.0,0.0,96.0,4.0,5.0,1.0,1.0,27.0,2.0,2.0,4.0,3.0,10.0,4.0,6.0,1.0,1.0,0.0,0.0,8.0,29.0,0.0,8.0,1.0,42.0,1.0,9.0,7.0,229.0,8.0,0.0,1.0,0.0,0.0,2.0,1.0,10.0,6.0,8.0,1.0,133.0,0.0,0.0,0.0,1.0,2.0,4.0,2.0,0.0,3.0,1.0,4.0,1.0,9.0,5.0,4.0,0.0,7.0,4.0,7.0,17.0,0.0,9.0,3.0,1.0,8.0,20.0,0.0,1.0,5.0,0.0,12.0,6.0,5.0,10.0,2.0,8.0,10.0,14.0,6.0,0.0,4.0,0.0,33.0,2.0,6.0,6.0,5.0,2.0,15.0,3.0,1.0,8.0,0.0,3.0,4.0,1.0,9.0,17.0
2015-02,15.0,3.0,29.0,1.0,5.0,1.0,2.0,2.0,1.0,5.0,96.0,15.0,5.0,14.0,14.0,2.0,5.0,7.0,8.0,4.0,26.0,9.0,3.0,0.0,2.0,4.0,601.0,26.0,3.0,8.0,1.0,6.0,0.0,3.0,51.0,0.0,26.0,0.0,1.0,22.0,0.0,20.0,2.0,1.0,6.0,259.0,1.0,0.0,3.0,14.0,1.0,3.0,0.0,121.0,3.0,4.0,0.0,0.0,16.0,1.0,2.0,2.0,1.0,12.0,2.0,1.0,4.0,2.0,9.0,5.0,9.0,29.0,0.0,6.0,14.0,55.0,4.0,17.0,4.0,244.0,5.0,6.0,0.0,1.0,2.0,1.0,0.0,3.0,2.0,13.0,2.0,250.0,1.0,1.0,0.0,0.0,6.0,2.0,5.0,1.0,15.0,1.0,3.0,1.0,5.0,3.0,8.0,3.0,4.0,6.0,6.0,23.0,0.0,3.0,20.0,4.0,14.0,19.0,0.0,1.0,1.0,0.0,4.0,2.0,1.0,7.0,2.0,2.0,1.0,7.0,0.0,0.0,0.0,0.0,21.0,15.0,0.0,0.0,7.0,1.0,9.0,1.0,5.0,2.0,2.0,8.0,0.0,3.0,11.0,16.0
2015-03,4.0,6.0,2.0,0.0,1.0,0.0,0.0,2.0,1.0,2.0,147.0,10.0,2.0,11.0,34.0,6.0,3.0,20.0,6.0,2.0,39.0,7.0,0.0,3.0,0.0,2.0,584.0,9.0,3.0,1.0,2.0,1.0,1.0,1.0,47.0,0.0,13.0,0.0,2.0,8.0,0.0,4.0,3.0,4.0,8.0,162.0,1.0,0.0,3.0,7.0,0.0,4.0,1.0,152.0,5.0,4.0,3.0,2.0,6.0,0.0,0.0,2.0,2.0,11.0,0.0,0.0,0.0,0.0,0.0,0.0,2.0,15.0,5.0,10.0,4.0,42.0,0.0,5.0,4.0,265.0,9.0,3.0,4.0,0.0,1.0,9.0,4.0,5.0,1.0,6.0,0.0,2.0,1.0,0.0,0.0,2.0,5.0,0.0,2.0,1.0,2.0,16.0,3.0,1.0,5.0,3.0,4.0,0.0,10.0,12.0,0.0,13.0,0.0,7.0,12.0,3.0,6.0,18.0,5.0,10.0,1.0,1.0,1.0,2.0,3.0,9.0,2.0,4.0,0.0,2.0,0.0,0.0,4.0,0.0,18.0,9.0,1.0,2.0,7.0,1.0,6.0,1.0,20.0,2.0,1.0,4.0,5.0,1.0,2.0,12.0
2015-04,2.0,2.0,8.0,1.0,0.0,8.0,2.0,10.0,1.0,2.0,126.0,14.0,4.0,23.0,23.0,4.0,4.0,6.0,3.0,3.0,50.0,14.0,0.0,3.0,0.0,1.0,754.0,4.0,1.0,5.0,2.0,3.0,2.0,1.0,54.0,0.0,6.0,2.0,0.0,36.0,27.0,2.0,1.0,5.0,8.0,123.0,3.0,1.0,9.0,7.0,0.0,5.0,1.0,105.0,8.0,10.0,1.0,2.0,30.0,5.0,2.0,5.0,6.0,14.0,2.0,1.0,9.0,6.0,2.0,3.0,1.0,15.0,0.0,7.0,9.0,48.0,0.0,7.0,1.0,369.0,11.0,2.0,5.0,2.0,2.0,2.0,3.0,12.0,0.0,4.0,1.0,9.0,1.0,1.0,0.0,3.0,2.0,1.0,7.0,1.0,1.0,1.0,5.0,7.0,27.0,2.0,18.0,0.0,5.0,10.0,0.0,5.0,4.0,6.0,28.0,4.0,7.0,11.0,1.0,19.0,3.0,54.0,3.0,4.0,5.0,27.0,4.0,1.0,8.0,0.0,2.0,17.0,13.0,1.0,24.0,12.0,0.0,6.0,8.0,26.0,0.0,0.0,21.0,7.0,7.0,4.0,11.0,3.0,7.0,13.0
2015-05,1.0,1.0,26.0,6.0,12.0,3.0,0.0,7.0,0.0,1.0,138.0,26.0,4.0,22.0,19.0,4.0,7.0,32.0,5.0,1.0,63.0,14.0,1.0,8.0,1.0,4.0,626.0,14.0,1.0,2.0,6.0,5.0,1.0,2.0,43.0,1.0,4.0,2.0,1.0,13.0,5.0,5.0,0.0,3.0,5.0,167.0,6.0,1.0,1.0,7.0,1.0,2.0,1.0,155.0,9.0,11.0,1.0,3.0,23.0,3.0,4.0,5.0,2.0,9.0,3.0,6.0,3.0,0.0,3.0,0.0,0.0,30.0,7.0,11.0,5.0,44.0,3.0,9.0,8.0,279.0,10.0,5.0,0.0,0.0,4.0,1.0,3.0,11.0,8.0,8.0,0.0,5.0,9.0,0.0,0.0,0.0,2.0,1.0,3.0,2.0,7.0,0.0,8.0,3.0,27.0,8.0,9.0,1.0,5.0,8.0,0.0,19.0,1.0,1.0,2.0,6.0,4.0,17.0,2.0,7.0,5.0,0.0,3.0,0.0,2.0,15.0,6.0,1.0,2.0,1.0,4.0,11.0,2.0,1.0,30.0,16.0,4.0,1.0,6.0,12.0,0.0,2.0,15.0,1.0,0.0,4.0,10.0,1.0,2.0,13.0
2015-06,0.0,4.0,8.0,0.0,31.0,3.0,0.0,8.0,3.0,4.0,118.0,21.0,4.0,14.0,16.0,7.0,8.0,29.0,3.0,5.0,56.0,11.0,1.0,8.0,1.0,1.0,480.0,22.0,5.0,4.0,2.0,8.0,1.0,7.0,24.0,0.0,30.0,1.0,1.0,7.0,3.0,17.0,0.0,4.0,4.0,255.0,2.0,3.0,1.0,6.0,1.0,2.0,2.0,82.0,5.0,8.0,0.0,0.0,14.0,0.0,4.0,2.0,5.0,14.0,2.0,7.0,6.0,5.0,1.0,2.0,0.0,24.0,0.0,7.0,9.0,60.0,3.0,7.0,6.0,247.0,1.0,12.0,2.0,1.0,4.0,6.0,4.0,5.0,6.0,9.0,9.0,7.0,14.0,7.0,0.0,5.0,3.0,3.0,7.0,6.0,4.0,0.0,18.0,2.0,13.0,3.0,4.0,4.0,4.0,22.0,0.0,21.0,1.0,5.0,1.0,14.0,5.0,17.0,4.0,2.0,0.0,0.0,0.0,3.0,1.0,21.0,2.0,16.0,3.0,0.0,4.0,2.0,2.0,0.0,29.0,24.0,0.0,0.0,8.0,3.0,1.0,8.0,4.0,6.0,4.0,6.0,14.0,2.0,19.0,4.0
2015-07,1.0,13.0,10.0,0.0,2.0,1.0,5.0,3.0,5.0,3.0,122.0,11.0,0.0,44.0,10.0,3.0,15.0,22.0,11.0,2.0,76.0,7.0,0.0,0.0,2.0,4.0,580.0,13.0,1.0,5.0,2.0,3.0,4.0,0.0,34.0,0.0,15.0,1.0,5.0,6.0,4.0,19.0,1.0,2.0,11.0,188.0,3.0,1.0,1.0,8.0,3.0,4.0,4.0,117.0,8.0,7.0,2.0,1.0,24.0,0.0,1.0,3.0,8.0,16.0,3.0,1.0,18.0,1.0,1.0,1.0,3.0,30.0,0.0,6.0,15.0,60.0,2.0,2.0,12.0,260.0,4.0,0.0,6.0,1.0,1.0,1.0,2.0,6.0,4.0,7.0,6.0,26.0,0.0,0.0,0.0,2.0,1.0,8.0,6.0,3.0,3.0,0.0,2.0,7.0,27.0,7.0,5.0,3.0,4.0,3.0,1.0,5.0,3.0,6.0,4.0,21.0,12.0,20.0,1.0,9.0,7.0,1.0,0.0,2.0,5.0,17.0,4.0,6.0,1.0,0.0,2.0,1.0,3.0,1.0,25.0,15.0,1.0,2.0,5.0,1.0,0.0,3.0,8.0,4.0,7.0,11.0,1.0,3.0,14.0,10.0
2015-08,0.0,6.0,13.0,0.0,5.0,3.0,1.0,8.0,2.0,2.0,258.0,29.0,6.0,12.0,27.0,11.0,3.0,28.0,7.0,2.0,43.0,14.0,19.0,2.0,0.0,1.0,553.0,9.0,2.0,8.0,6.0,2.0,0.0,0.0,42.0,4.0,32.0,4.0,10.0,10.0,1.0,10.0,1.0,3.0,1.0,277.0,1.0,3.0,1.0,8.0,1.0,6.0,0.0,126.0,4.0,4.0,2.0,8.0,7.0,1.0,2.0,8.0,2.0,16.0,6.0,2.0,4.0,2.0,2.0,0.0,1.0,29.0,1.0,10.0,17.0,75.0,7.0,13.0,8.0,301.0,5.0,3.0,2.0,0.0,0.0,3.0,3.0,40.0,4.0,2.0,1.0,5.0,15.0,4.0,0.0,1.0,0.0,3.0,11.0,7.0,10.0,4.0,5.0,4.0,22.0,5.0,4.0,1.0,3.0,4.0,0.0,61.0,1.0,6.0,34.0,12.0,3.0,20.0,6.0,9.0,7.0,1.0,1.0,2.0,1.0,15.0,1.0,3.0,1.0,2.0,1.0,1.0,25.0,2.0,17.0,21.0,5.0,1.0,9.0,4.0,20.0,0.0,25.0,7.0,9.0,7.0,4.0,2.0,20.0,20.0
2015-09,2.0,8.0,4.0,0.0,11.0,2.0,3.0,1.0,1.0,2.0,105.0,14.0,1.0,30.0,14.0,2.0,13.0,17.0,10.0,6.0,30.0,7.0,0.0,0.0,0.0,1.0,492.0,21.0,2.0,5.0,0.0,1.0,1.0,0.0,26.0,24.0,13.0,2.0,1.0,11.0,10.0,11.0,0.0,6.0,12.0,206.0,5.0,1.0,2.0,7.0,2.0,2.0,2.0,126.0,4.0,9.0,0.0,13.0,3.0,5.0,1.0,5.0,8.0,12.0,2.0,1.0,4.0,3.0,1.0,3.0,1.0,24.0,0.0,9.0,5.0,77.0,1.0,9.0,4.0,308.0,19.0,2.0,6.0,2.0,1.0,1.0,5.0,14.0,8.0,5.0,0.0,4.0,0.0,2.0,0.0,1.0,2.0,3.0,5.0,1.0,3.0,0.0,3.0,0.0,21.0,7.0,9.0,1.0,3.0,3.0,0.0,32.0,14.0,16.0,8.0,11.0,15.0,26.0,3.0,15.0,24.0,1.0,0.0,21.0,1.0,16.0,5.0,1.0,2.0,2.0,1.0,8.0,0.0,2.0,23.0,22.0,3.0,1.0,4.0,1.0,5.0,1.0,13.0,4.0,1.0,3.0,2.0,2.0,12.0,9.0
2015-10,3.0,7.0,3.0,0.0,0.0,0.0,3.0,4.0,1.0,2.0,184.0,6.0,3.0,11.0,21.0,5.0,5.0,27.0,9.0,0.0,28.0,4.0,0.0,1.0,2.0,8.0,454.0,17.0,4.0,3.0,1.0,4.0,1.0,3.0,55.0,0.0,23.0,1.0,5.0,6.0,6.0,4.0,4.0,4.0,4.0,175.0,1.0,2.0,1.0,4.0,3.0,6.0,0.0,119.0,15.0,2.0,0.0,2.0,15.0,1.0,6.0,5.0,7.0,8.0,4.0,8.0,0.0,0.0,3.0,0.0,3.0,18.0,1.0,11.0,18.0,63.0,2.0,9.0,4.0,336.0,15.0,3.0,2.0,0.0,0.0,2.0,5.0,19.0,3.0,16.0,1.0,1.0,1.0,1.0,0.0,0.0,1.0,1.0,3.0,3.0,7.0,1.0,0.0,0.0,15.0,4.0,7.0,0.0,3.0,17.0,2.0,14.0,8.0,10.0,16.0,6.0,9.0,16.0,7.0,15.0,12.0,0.0,0.0,1.0,1.0,7.0,3.0,0.0,0.0,0.0,3.0,1.0,0.0,7.0,20.0,12.0,2.0,3.0,14.0,4.0,2.0,1.0,21.0,3.0,1.0,3.0,4.0,2.0,14.0,11.0
2015-11,3.0,8.0,4.0,0.0,2.0,1.0,0.0,2.0,8.0,8.0,147.0,23.0,2.0,11.0,11.0,3.0,18.0,17.0,2.0,2.0,52.0,7.0,1.0,1.0,0.0,2.0,424.0,10.0,2.0,3.0,1.0,2.0,2.0,1.0,50.0,17.0,13.0,2.0,1.0,7.0,1.0,2.0,3.0,0.0,11.0,236.0,0.0,2.0,0.0,6.0,2.0,1.0,2.0,156.0,6.0,5.0,1.0,2.0,8.0,0.0,1.0,3.0,6.0,10.0,9.0,2.0,2.0,0.0,3.0,1.0,0.0,20.0,1.0,11.0,46.0,59.0,1.0,7.0,4.0,234.0,18.0,5.0,2.0,0.0,7.0,1.0,0.0,7.0,1.0,7.0,2.0,0.0,2.0,1.0,0.0,3.0,0.0,7.0,6.0,4.0,2.0,1.0,2.0,0.0,2.0,3.0,7.0,2.0,3.0,31.0,0.0,2.0,4.0,17.0,0.0,1.0,8.0,23.0,11.0,10.0,9.0,5.0,1.0,7.0,2.0,17.0,1.0,0.0,1.0,1.0,3.0,0.0,1.0,1.0,22.0,18.0,1.0,3.0,3.0,8.0,5.0,2.0,8.0,1.0,7.0,7.0,2.0,1.0,18.0,14.0
2015-12,0.0,5.0,3.0,1.0,0.0,0.0,11.0,7.0,1.0,2.0,138.0,16.0,5.0,9.0,16.0,3.0,15.0,20.0,9.0,2.0,43.0,4.0,0.0,7.0,0.0,2.0,388.0,20.0,5.0,1.0,7.0,2.0,3.0,1.0,36.0,27.0,22.0,5.0,3.0,7.0,3.0,13.0,0.0,1.0,7.0,234.0,2.0,5.0,0.0,6.0,8.0,5.0,1.0,107.0,4.0,2.0,0.0,0.0,7.0,3.0,1.0,2.0,3.0,2.0,0.0,0.0,5.0,3.0,1.0,9.0,0.0,34.0,1.0,12.0,40.0,56.0,3.0,6.0,14.0,291.0,33.0,0.0,22.0,2.0,3.0,0.0,0.0,10.0,0.0,6.0,1.0,2.0,16.0,0.0,8.0,6.0,0.0,2.0,6.0,4.0,4.0,0.0,2.0,0.0,13.0,3.0,2.0,1.0,3.0,14.0,5.0,7.0,0.0,1.0,9.0,7.0,12.0,22.0,9.0,8.0,3.0,0.0,1.0,1.0,1.0,6.0,2.0,1.0,0.0,2.0,1.0,3.0,4.0,2.0,18.0,30.0,1.0,2.0,5.0,2.0,1.0,19.0,11.0,0.0,9.0,2.0,3.0,3.0,7.0,14.0
2016-01,5.0,3.0,11.0,0.0,1.0,3.0,5.0,1.0,1.0,2.0,233.0,21.0,2.0,42.0,15.0,2.0,4.0,13.0,4.0,0.0,56.0,5.0,0.0,1.0,1.0,3.0,426.0,21.0,4.0,2.0,1.0,6.0,1.0,1.0,48.0,30.0,8.0,4.0,0.0,4.0,0.0,10.0,0.0,14.0,2.0,187.0,2.0,5.0,0.0,4.0,1.0,1.0,2.0,179.0,7.0,39.0,0.0,0.0,22.0,0.0,1.0,4.0,9.0,5.0,0.0,1.0,3.0,2.0,2.0,1.0,2.0,48.0,1.0,8.0,8.0,49.0,3.0,15.0,6.0,184.0,6.0,14.0,2.0,0.0,0.0,8.0,1.0,7.0,5.0,6.0,1.0,0.0,0.0,0.0,54.0,1.0,0.0,1.0,6.0,1.0,5.0,1.0,7.0,1.0,15.0,4.0,4.0,2.0,2.0,0.0,0.0,5.0,1.0,29.0,4.0,5.0,12.0,17.0,1.0,3.0,1.0,1.0,2.0,5.0,5.0,11.0,2.0,1.0,3.0,0.0,4.0,4.0,9.0,0.0,44.0,25.0,0.0,3.0,6.0,4.0,2.0,0.0,6.0,0.0,3.0,10.0,1.0,2.0,12.0,3.0
2016-02,1.0,9.0,3.0,0.0,1.0,0.0,1.0,3.0,0.0,0.0,109.0,24.0,0.0,26.0,9.0,2.0,3.0,12.0,4.0,2.0,42.0,5.0,1.0,6.0,3.0,0.0,432.0,20.0,2.0,8.0,1.0,4.0,4.0,5.0,41.0,31.0,35.0,0.0,5.0,6.0,1.0,6.0,3.0,21.0,5.0,227.0,2.0,3.0,0.0,6.0,8.0,3.0,2.0,129.0,5.0,9.0,12.0,2.0,10.0,1.0,2.0,0.0,3.0,10.0,0.0,0.0,11.0,4.0,0.0,1.0,0.0,57.0,1.0,8.0,8.0,93.0,1.0,16.0,10.0,192.0,6.0,2.0,5.0,3.0,0.0,3.0,3.0,4.0,0.0,4.0,1.0,3.0,0.0,1.0,63.0,2.0,0.0,6.0,3.0,2.0,1.0,3.0,2.0,2.0,17.0,11.0,3.0,2.0,4.0,20.0,22.0,2.0,2.0,16.0,2.0,1.0,13.0,16.0,2.0,10.0,30.0,3.0,5.0,3.0,2.0,10.0,3.0,0.0,0.0,0.0,0.0,1.0,13.0,1.0,15.0,21.0,1.0,0.0,9.0,19.0,0.0,0.0,16.0,0.0,5.0,6.0,2.0,0.0,4.0,10.0
2016-03,0.0,0.0,4.0,0.0,0.0,1.0,2.0,3.0,2.0,0.0,147.0,11.0,4.0,10.0,21.0,4.0,9.0,17.0,5.0,3.0,37.0,1.0,1.0,2.0,3.0,2.0,339.0,8.0,4.0,3.0,4.0,1.0,3.0,0.0,26.0,38.0,10.0,3.0,2.0,2.0,0.0,0.0,1.0,3.0,16.0,172.0,1.0,0.0,2.0,4.0,4.0,10.0,4.0,127.0,1.0,2.0,0.0,1.0,14.0,0.0,8.0,2.0,1.0,7.0,5.0,0.0,7.0,3.0,2.0,0.0,1.0,44.0,1.0,5.0,6.0,66.0,2.0,7.0,9.0,204.0,13.0,7.0,8.0,0.0,0.0,3.0,2.0,6.0,1.0,2.0,0.0,0.0,3.0,0.0,6.0,1.0,0.0,2.0,5.0,4.0,19.0,0.0,4.0,2.0,23.0,4.0,14.0,1.0,1.0,14.0,0.0,0.0,9.0,31.0,5.0,3.0,8.0,12.0,4.0,8.0,5.0,3.0,2.0,1.0,8.0,2.0,2.0,0.0,1.0,0.0,4.0,1.0,5.0,3.0,11.0,8.0,1.0,4.0,2.0,2.0,4.0,2.0,19.0,3.0,1.0,1.0,4.0,3.0,4.0,12.0
2016-04,1.0,8.0,37.0,8.0,0.0,2.0,2.0,5.0,8.0,0.0,178.0,7.0,5.0,22.0,11.0,2.0,3.0,28.0,2.0,0.0,81.0,4.0,0.0,2.0,1.0,2.0,459.0,33.0,10.0,8.0,0.0,5.0,1.0,0.0,55.0,6.0,16.0,0.0,9.0,12.0,0.0,1.0,5.0,14.0,1.0,199.0,1.0,2.0,0.0,5.0,3.0,4.0,4.0,132.0,4.0,4.0,4.0,2.0,10.0,0.0,1.0,2.0,9.0,25.0,12.0,0.0,1.0,0.0,2.0,1.0,0.0,27.0,11.0,2.0,15.0,74.0,3.0,9.0,5.0,204.0,5.0,1.0,2.0,1.0,2.0,6.0,0.0,4.0,2.0,2.0,0.0,0.0,0.0,1.0,17.0,1.0,0.0,0.0,4.0,1.0,4.0,0.0,0.0,0.0,18.0,5.0,39.0,0.0,3.0,4.0,0.0,3.0,0.0,6.0,3.0,0.0,14.0,28.0,2.0,2.0,21.0,9.0,1.0,0.0,0.0,19.0,1.0,1.0,2.0,0.0,6.0,0.0,8.0,1.0,31.0,15.0,4.0,2.0,4.0,20.0,2.0,4.0,6.0,2.0,1.0,8.0,1.0,1.0,5.0,12.0
2016-05,2.0,3.0,10.0,0.0,2.0,0.0,6.0,3.0,2.0,2.0,116.0,14.0,2.0,7.0,13.0,4.0,7.0,12.0,1.0,1.0,52.0,10.0,0.0,6.0,0.0,6.0,466.0,16.0,0.0,1.0,2.0,3.0,13.0,3.0,43.0,9.0,21.0,4.0,1.0,4.0,2.0,3.0,2.0,15.0,10.0,200.0,0.0,5.0,1.0,6.0,8.0,3.0,3.0,145.0,15.0,11.0,1.0,2.0,31.0,2.0,1.0,1.0,1.0,37.0,7.0,0.0,12.0,10.0,1.0,0.0,0.0,30.0,1.0,5.0,17.0,68.0,1.0,8.0,5.0,205.0,8.0,0.0,5.0,6.0,2.0,6.0,3.0,17.0,0.0,1.0,0.0,1.0,0.0,10.0,15.0,0.0,1.0,2.0,6.0,1.0,6.0,10.0,4.0,0.0,16.0,5.0,7.0,0.0,2.0,11.0,0.0,3.0,1.0,30.0,5.0,2.0,8.0,24.0,5.0,5.0,8.0,1.0,1.0,0.0,1.0,9.0,1.0,2.0,0.0,1.0,4.0,11.0,5.0,1.0,29.0,39.0,1.0,2.0,13.0,0.0,1.0,0.0,10.0,1.0,13.0,7.0,5.0,2.0,8.0,4.0
2016-06,2.0,4.0,24.0,6.0,0.0,1.0,2.0,3.0,3.0,2.0,101.0,10.0,4.0,25.0,16.0,2.0,5.0,36.0,3.0,1.0,25.0,0.0,0.0,0.0,0.0,3.0,405.0,10.0,3.0,3.0,0.0,3.0,3.0,1.0,45.0,8.0,25.0,0.0,1.0,0.0,5.0,2.0,1.0,21.0,4.0,225.0,3.0,0.0,0.0,6.0,4.0,1.0,1.0,98.0,7.0,4.0,0.0,4.0,9.0,1.0,1.0,1.0,4.0,9.0,7.0,2.0,8.0,3.0,2.0,4.0,5.0,30.0,0.0,5.0,56.0,89.0,0.0,18.0,1.0,279.0,1.0,0.0,7.0,0.0,1.0,4.0,1.0,6.0,1.0,7.0,2.0,1.0,0.0,2.0,31.0,0.0,0.0,3.0,7.0,3.0,3.0,0.0,4.0,1.0,20.0,8.0,4.0,0.0,3.0,1.0,0.0,4.0,2.0,4.0,1.0,1.0,15.0,13.0,4.0,4.0,25.0,0.0,4.0,0.0,2.0,15.0,3.0,0.0,1.0,1.0,0.0,16.0,5.0,1.0,29.0,14.0,4.0,2.0,3.0,5.0,18.0,3.0,10.0,1.0,3.0,8.0,8.0,0.0,15.0,20.0
2016-07,0.0,1.0,18.0,1.0,1.0,0.0,1.0,17.0,6.0,3.0,85.0,18.0,4.0,16.0,12.0,5.0,3.0,17.0,9.0,0.0,47.0,2.0,3.0,1.0,0.0,1.0,485.0,7.0,2.0,2.0,0.0,4.0,2.0,1.0,58.0,15.0,10.0,0.0,0.0,4.0,5.0,5.0,1.0,12.0,3.0,124.0,1.0,2.0,0.0,6.0,1.0,0.0,1.0,133.0,7.0,6.0,0.0,1.0,10.0,0.0,1.0,1.0,2.0,2.0,0.0,5.0,3.0,0.0,1.0,3.0,1.0,22.0,1.0,4.0,28.0,85.0,2.0,8.0,2.0,267.0,5.0,7.0,1.0,0.0,0.0,5.0,1.0,8.0,8.0,3.0,2.0,5.0,0.0,3.0,23.0,2.0,0.0,1.0,1.0,1.0,3.0,0.0,3.0,0.0,4.0,2.0,6.0,0.0,1.0,10.0,0.0,5.0,0.0,4.0,2.0,0.0,19.0,25.0,5.0,3.0,1.0,2.0,1.0,0.0,1.0,12.0,1.0,4.0,0.0,1.0,2.0,0.0,6.0,0.0,28.0,6.0,1.0,3.0,9.0,4.0,2.0,2.0,2.0,3.0,6.0,4.0,2.0,1.0,2.0,14.0
2016-08,1.0,5.0,23.0,1.0,0.0,1.0,3.0,5.0,3.0,1.0,157.0,18.0,3.0,19.0,16.0,5.0,5.0,24.0,13.0,3.0,46.0,4.0,0.0,2.0,1.0,1.0,373.0,30.0,4.0,2.0,15.0,7.0,5.0,2.0,49.0,16.0,15.0,0.0,0.0,3.0,6.0,7.0,0.0,20.0,7.0,252.0,0.0,1.0,1.0,7.0,5.0,4.0,1.0,160.0,7.0,6.0,1.0,1.0,38.0,0.0,0.0,0.0,6.0,9.0,8.0,7.0,5.0,1.0,0.0,2.0,2.0,28.0,3.0,7.0,8.0,50.0,1.0,17.0,10.0,365.0,20.0,2.0,0.0,1.0,1.0,4.0,0.0,4.0,3.0,10.0,1.0,5.0,0.0,2.0,33.0,1.0,3.0,4.0,3.0,4.0,9.0,1.0,3.0,0.0,22.0,5.0,20.0,1.0,1.0,3.0,0.0,4.0,2.0,18.0,22.0,3.0,7.0,25.0,4.0,6.0,19.0,0.0,3.0,0.0,0.0,17.0,0.0,0.0,1.0,0.0,1.0,2.0,5.0,4.0,20.0,19.0,2.0,4.0,8.0,3.0,0.0,2.0,8.0,0.0,0.0,6.0,5.0,1.0,6.0,10.0
2016-09,3.0,3.0,24.0,0.0,2.0,3.0,7.0,8.0,0.0,2.0,153.0,25.0,5.0,14.0,27.0,2.0,10.0,35.0,1.0,3.0,45.0,0.0,0.0,2.0,0.0,7.0,362.0,48.0,12.0,5.0,0.0,4.0,5.0,0.0,37.0,19.0,17.0,5.0,2.0,8.0,0.0,41.0,1.0,8.0,5.0,252.0,4.0,6.0,1.0,6.0,8.0,3.0,2.0,148.0,5.0,6.0,9.0,17.0,11.0,1.0,4.0,3.0,4.0,21.0,1.0,1.0,12.0,1.0,1.0,1.0,9.0,34.0,5.0,4.0,8.0,132.0,7.0,8.0,4.0,280.0,42.0,1.0,2.0,3.0,0.0,6.0,1.0,17.0,7.0,150.0,2.0,2.0,1.0,4.0,9.0,1.0,0.0,1.0,7.0,23.0,3.0,2.0,11.0,2.0,17.0,23.0,7.0,2.0,3.0,4.0,1.0,20.0,2.0,3.0,5.0,15.0,10.0,27.0,4.0,16.0,13.0,4.0,1.0,6.0,1.0,8.0,5.0,1.0,3.0,0.0,1.0,1.0,4.0,0.0,19.0,16.0,0.0,2.0,11.0,6.0,2.0,3.0,4.0,7.0,11.0,9.0,6.0,3.0,5.0,11.0
2016-10,1.0,3.0,3.0,0.0,0.0,2.0,1.0,1.0,0.0,0.0,111.0,11.0,2.0,7.0,12.0,0.0,13.0,15.0,1.0,0.0,10.0,5.0,0.0,1.0,0.0,0.0,217.0,9.0,6.0,4.0,42.0,8.0,0.0,1.0,31.0,0.0,11.0,3.0,1.0,7.0,0.0,0.0,0.0,1.0,10.0,113.0,1.0,2.0,5.0,5.0,10.0,2.0,1.0,116.0,8.0,2.0,0.0,5.0,11.0,2.0,0.0,1.0,4.0,5.0,0.0,1.0,0.0,0.0,1.0,1.0,0.0,13.0,0.0,2.0,11.0,38.0,0.0,6.0,2.0,122.0,6.0,2.0,1.0,0.0,0.0,0.0,2.0,4.0,4.0,6.0,0.0,0.0,1.0,1.0,0.0,20.0,1.0,3.0,4.0,13.0,0.0,0.0,5.0,2.0,25.0,6.0,11.0,1.0,0.0,8.0,0.0,3.0,1.0,5.0,4.0,1.0,2.0,12.0,3.0,4.0,1.0,13.0,1.0,0.0,2.0,6.0,2.0,4.0,1.0,1.0,2.0,0.0,5.0,0.0,7.0,3.0,0.0,1.0,3.0,2.0,2.0,0.0,19.0,0.0,0.0,8.0,5.0,5.0,9.0,7.0
